season,team,conference,wins,losses,win_pct,adj_margin,strength_of_schedule,points_per_game,points_allowed_per_game,ft_pct,three_pt_pct,three_pa_rate,ft_rate,off_rebound_pct,def_rebound_pct,turnover_pct,adj_offense,adj_defense,coach,coach_years_at_school,coach_ncaa_games,coach_sweet16s,coach_finalfours,road_wins,road_losses,neutral_wins,neutral_losses,net_rank,quad1_wins,quad2_wins,tempo,opp_turnover_pct,opp_three_pt_pct,close_game_record,last10_win_pct,last10_adj_margin,avg_age,underclass_minutes_pct,freshman_minutes_pct,freshman_guard_minutes_pct,sophomore_minutes_pct,junior_minutes_pct,senior_minutes_pct,returning_starters,returning_minutes_pct,primary_guard_experience_score,backcourt_experience_score,frontcourt_experience_score,bench_minutes_pct,bench_points_pct,injury_flag,star_player_flag,chicago_guard_count,nyc_guard_count,indiana_guard_count,texas_big_count,southern_big_count,west_coast_wing_count,local_site_player_count,host_state_player_count,wab,barthag,eff_fg_pct,opp_eff_fg_pct
2025,Abilene Christian,8,16,1,0.5,-3.5,-2.39,70.6,70.3,71.5,28.9,25.3,37.2,30.0,31.5,20.7,98.2,101.7,,,,,,,,,,,,,69.9,24.0,32.6,,,,,,,,,,,,,,,,,,,,,,,,,,,,-10.4,0.3994,46.7,51.4
2025,Air Force,1,4,2,0.125,-10.9,3.65,61.9,73.7,63.5,33.1,48.5,35.4,22.7,29.0,20.8,98.8,109.7,,,,,,,,,,,,,65.2,15.7,36.3,,,,,,,,,,,,,,,,,,,,,,,,,,,,-19.3,0.2311,50.1,54.6
2025,Akron,17,28,3,0.8,6.7,-3.75,84.0,75.1,75.4,36.4,45.2,27.0,32.5,29.4,16.4,112.9,106.2,,,,,,,,,,,,,71.9,17.3,32.4,,,,,,,,,,,,,,,,,,,,,,,,,,,,-1.6,0.6694,54.9,50.1
2025,Alabama,13,28,4,0.757,30.8,16.14,90.7,81.3,72.0,35.3,46.6,39.3,33.7,29.4,16.6,127.1,96.3,,,,,,,,,,,,,75.5,13.5,30.4,,,,,,,,,,,,,,,,,,,,,,,,,,,,10.1,0.9607,56.6,47.8
2025,Alabama A&M,6,10,5,0.313,-21.7,-9.93,73.0,78.8,66.4,30.8,41.6,38.6,33.9,34.6,21.9,92.9,114.6,,,,,,,,,,,,,71.5,21.0,39.0,,,,,,,,,,,,,,,,,,,,,,,,,,,,-18.7,0.0822,45.1,54.3
2025,Alabama State,12,20,6,0.556,-9.0,-8.19,73.1,72.4,68.60000000000001,32.6,42.7,29.1,28.0,30.8,13.1,101.3,110.3,,,,,,,,,,,,,68.4,18.7,33.7,,,,,,,,,,,,,,,,,,,,,,,,,,,,-10.1,0.2734,47.0,50.7
2025,Albany,8,17,7,0.515,-9.6,-8.55,74.6,73.8,71.6,31.7,36.0,29.5,32.3,28.4,15.7,103.0,112.6,,,,,,,,,,,,,68.3,19.8,35.6,,,,,,,,,,,,,,,,,,,,,,,,,,,,-12.9,0.2652,49.3,54.9
2025,Alcorn State,11,11,8,0.344,-14.1,-6.96,65.0,72.1,71.7,31.8,29.6,30.4,33.6,32.5,19.6,97.1,111.2,,,,,,,,,,,,,65.5,18.3,34.1,,,,,,,,,,,,,,,,,,,,,,,,,,,,-13.9,0.1732,46.1,53.0
2025,American,13,22,9,0.629,-7.0,-6.85,68.7,67.7,75.4,35.2,45.3,29.0,23.8,27.4,16.9,101.9,108.9,,,,,,,,,,,,,64.2,17.7,33.8,,,,,,,,,,,,,,,,,,,,,,,,,,,,-8.2,0.3177,52.0,52.5
2025,Appalachian State,10,17,10,0.548,0.5,-3.83,67.8,63.5,65.10000000000001,34.0,41.1,35.1,27.6,29.6,16.9,101.1,100.6,,,,,,,,,,,,,63.9,14.8,29.8,,,,,,,,,,,,,,,,,,,,,,,,,,,,-9.3,0.5158,49.6,46.1
2025,Arizona,14,24,11,0.649,27.2,13.72,82.5,73.3,78.0,33.8,34.7,35.8,36.0,27.9,16.0,124.0,96.8,,,,,,,,,,,,,70.7,16.2,34.0,,,,,,,,,,,,,,,,,,,,,,,,,,,,5.4,0.9453,53.3,48.9
2025,Arizona State,4,13,12,0.394,12.4,13.32,74.1,76.8,72.6,35.6,42.6,36.2,25.1,30.3,17.6,112.4,100.0,,,,,,,,,,,,,69.3,16.1,32.9,,,,,,,,,,,,,,,,,,,,,,,,,,,,-3.1,0.793,51.5,50.7
2025,Arkansas,8,22,13,0.611,17.2,11.7,76.8,71.4,73.9,32.7,36.6,35.6,28.1,29.9,16.3,112.7,95.5,,,,,,,,,,,,,69.9,17.2,31.4,,,,,,,,,,,,,,,,,,,,,,,,,,,,1.4,0.8707,52.2,47.6
2025,Arkansas State,13,25,14,0.694,8.1,-2.4,79.4,70.2,72.7,32.2,44.6,33.1,33.7,30.3,14.7,110.1,102.0,,,,,,,,,,,,,70.4,17.0,30.3,,,,,,,,,,,,,,,,,,,,,,,,,,,,-4.4,0.7074,49.6,46.1
2025,Arkansas-Pine Bluff,3,6,15,0.194,-24.34,-8.44,72.3,83.9,59.3,32.300000000000004,22.5,19.0,9.9,24.1,14.5,69.8,86.4,,,,,,,,,,,,,,,,,,,,,,,,,,,,,,,,,,,,,,,,,,,,,,
2025,Army,10,17,16,0.515,-12.2,-7.3,73.2,74.9,68.10000000000001,31.2,41.7,26.1,25.9,29.2,14.3,100.7,112.9,,,,,,,,,,,,,68.4,16.0,34.8,,,,,,,,,,,,,,,,,,,,,,,,,,,,-12.0,0.2114,49.5,53.7
2025,Auburn,15,32,17,0.842,35.7,15.13,83.0,69.4,72.7,36.1,40.7,33.8,34.4,29.5,13.5,128.5,92.8,,,,,,,,,,,,,68.7,17.2,29.6,,,,,,,,,,,,,,,,,,,,,,,,,,,,12.7,0.9769,55.1,45.8
2025,Austin Peay,8,14,18,0.424,-11.1,-3.86,71.6,74.9,71.89999999999999,34.0,40.2,28.9,25.8,31.2,14.8,100.1,111.2,,,,,,,,,,,,,66.7,16.8,37.9,,,,,,,,,,,,,,,,,,,,,,,,,,,,-13.5,0.2298,48.7,53.8
2025,Ball State,7,14,19,0.452,-7.95,-6.49,75.4,74.2,70.39999999999999,34.5,20.7,25.3,9.4,26.1,11.7,73.5,76.1,,,,,,,,,,,,,,,,,,,,,,,,,,,,,,,,,,,,,,,,,,,,,,
2025,Baylor,10,20,20,0.571,21.2,13.86,76.1,69.8,74.7,34.3,40.1,30.5,36.0,30.9,15.9,121.1,99.9,,,,,,,,,,,,,65.2,18.6,35.9,,,,,,,,,,,,,,,,,,,,,,,,,,,,2.1,0.9015,51.1,52.0
2025,Bellarmine,2,5,21,0.161,-18.8,-4.88,72.6,80.1,77.3,35.6,43.2,26.5,20.2,30.0,17.4,102.8,121.6,,,,,,,,,,,,,67.0,15.4,39.0,,,,,,,,,,,,,,,,,,,,,,,,,,,,-21.3,0.1267,53.7,58.1
2025,Belmont,13,22,22,0.667,3.3,-0.12,79.3,76.6,71.89999999999999,38.1,44.6,26.1,27.2,29.4,15.9,112.1,108.8,,,,,,,,,,,,,71.3,17.6,35.1,,,,,,,,,,,,,,,,,,,,,,,,,,,,-5.0,0.5846,54.8,53.7
2025,Bethune-Cookman,13,17,23,0.515,-10.2,-6.7,68.6,72.2,69.0,31.9,33.9,35.9,28.8,30.0,19.5,97.2,107.4,,,,,,,,,,,,,69.6,16.7,31.3,,,,,,,,,,,,,,,,,,,,,,,,,,,,-10.1,0.2409,48.2,48.8
2025,Binghamton,7,15,24,0.469,-13.5,-9.12,69.8,71.5,69.3,35.4,36.2,33.7,26.9,26.9,19.6,99.0,112.5,,,,,,,,,,,,,66.3,12.8,31.8,,,,,,,,,,,,,,,,,,,,,,,,,,,,-14.1,0.1883,51.6,49.7
2025,Boise State,14,26,25,0.703,16.2,5.75,75.8,66.9,78.0,31.2,43.0,38.2,33.0,22.3,16.7,115.4,99.2,,,,,,,,,,,,,66.4,16.5,34.1,,,,,,,,,,,,,,,,,,,,,,,,,,,,0.0,0.8507,52.2,49.6
2025,Boston College,4,12,26,0.387,-1.5,5.14,70.4,75.8,71.89999999999999,34.5,33.0,31.5,28.8,30.0,17.3,105.3,106.8,,,,,,,,,,,,,67.4,15.5,35.2,,,,,,,,,,,,,,,,,,,,,,,,,,,,-10.0,0.4576,48.9,51.9
2025,Boston University,10,16,27,0.5,-13.1,-8.39,67.1,68.5,66.3,33.0,41.9,30.7,32.5,23.4,20.6,98.1,111.2,,,,,,,,,,,,,64.0,16.7,36.1,,,,,,,,,,,,,,,,,,,,,,,,,,,,-13.2,0.1908,50.2,52.4
2025,Bowling Green,8,14,28,0.438,-9.1,-6.1,73.5,73.9,74.6,33.5,39.7,34.5,25.6,27.4,17.5,100.2,109.3,,,,,,,,,,,,,69.5,17.3,33.2,,,,,,,,,,,,,,,,,,,,,,,,,,,,-14.2,0.2689,49.9,52.6
2025,Bradley,15,28,29,0.757,9.0,0.24,76.3,68.5,74.7,39.7,42.3,32.4,26.1,28.0,17.4,111.7,102.7,,,,,,,,,,,,,66.5,15.6,32.3,,,,,,,,,,,,,,,,,,,,,,,,,,,,-1.6,0.7226,56.7,47.7
2025,Brigham Young,14,26,30,0.722,25.4,10.21,81.4,72.6,71.3,36.8,47.6,30.4,33.7,26.4,17.4,125.2,99.8,,,,,,,,,,,,,68.0,16.9,35.7,,,,,,,,,,,,,,,,,,,,,,,,,,,,4.8,0.9317,57.0,51.4
2025,Brown,6,14,31,0.519,-3.3,-4.28,72.2,71.6,63.2,33.1,40.5,28.0,30.1,30.7,17.1,102.7,106.0,,,,,,,,,,,,,66.5,15.7,32.9,,,,,,,,,,,,,,,,,,,,,,,,,,,,-8.6,0.4107,51.1,49.3
2025,Bryant,14,23,32,0.657,0.5,-6.93,81.8,74.2,71.39999999999999,33.0,34.7,29.9,33.8,29.5,16.3,106.0,105.5,,,,,,,,,,,,,73.1,16.4,32.5,,,,,,,,,,,,,,,,,,,,,,,,,,,,-7.0,0.5143,50.7,47.8
2025,Bucknell,13,18,33,0.545,-5.3,-6.23,74.0,73.2,66.4,35.3,41.0,36.7,26.0,28.0,18.6,101.7,107.0,,,,,,,,,,,,,68.2,17.0,34.7,,,,,,,,,,,,,,,,,,,,,,,,,,,,-10.3,0.3567,53.8,50.3
2025,Buffalo,4,9,34,0.29,-17.5,-3.92,71.8,80.9,70.0,30.5,43.9,32.7,24.8,31.3,19.5,95.9,113.4,,,,,,,,,,,,,71.3,16.2,37.2,,,,,,,,,,,,,,,,,,,,,,,,,,,,-17.2,0.1274,48.8,54.2
2025,Butler,6,15,35,0.429,10.4,10.14,74.7,74.9,74.0,36.8,41.2,37.1,26.3,29.0,16.2,115.5,105.1,,,,,,,,,,,,,68.2,11.5,31.4,,,,,,,,,,,,,,,,,,,,,,,,,,,,-6.1,0.7469,53.2,49.6
2025,Cal Poly,8,16,36,0.457,-3.0,-0.68,82.1,82.9,76.6,36.3,51.1,26.8,27.6,33.2,20.7,108.3,111.3,,,,,,,,,,,,,75.2,19.1,34.4,,,,,,,,,,,,,,,,,,,,,,,,,,,,-11.8,0.4222,55.2,53.2
2025,Cal State Bakersfield,8,14,37,0.424,-8.4,-2.26,73.8,73.6,77.2,37.2,28.4,34.5,35.6,29.7,18.8,104.8,113.2,,,,,,,,,,,,,66.7,18.9,35.7,,,,,,,,,,,,,,,,,,,,,,,,,,,,-14.0,0.2931,48.2,54.3
2025,Cal State Fullerton,1,6,38,0.188,-19.0,0.37,63.2,77.3,74.2,27.0,34.1,39.2,25.9,29.8,21.3,93.1,112.1,,,,,,,,,,,,,68.8,16.1,34.9,,,,,,,,,,,,,,,,,,,,,,,,,,,,-19.5,0.106,44.2,54.3
2025,Cal State Northridge,14,22,39,0.667,1.9,-3.36,80.3,72.9,72.5,34.7,30.7,35.6,35.2,24.3,18.8,106.7,104.8,,,,,,,,,,,,,72.9,20.2,35.7,,,,,,,,,,,,,,,,,,,,,,,,,,,,-5.0,0.5523,51.7,50.1
2025,California,6,14,40,0.424,3.8,6.69,75.6,76.8,74.6,31.5,37.8,38.9,34.7,28.8,16.6,110.2,106.4,,,,,,,,,,,,,68.2,16.3,37.6,,,,,,,,,,,,,,,,,,,,,,,,,,,,-8.2,0.6,47.8,53.0
2025,California Baptist,9,17,41,0.531,-1.13,-2.35,71.2,70.0,75.7,31.7,21.0,17.8,12.0,24.0,12.1,70.5,70.7,,,,,,,,,,,,,,,,,,,,,,,,,,,,,,,,,,,,,,,,,,,,,,
2025,Campbell,10,15,42,0.469,-5.2,-4.96,70.2,67.8,77.10000000000001,31.9,41.8,29.7,24.6,27.7,15.8,100.8,106.0,,,,,,,,,,,,,66.5,18.8,31.1,,,,,,,,,,,,,,,,,,,,,,,,,,,,-12.6,0.3582,50.0,52.4
2025,Canisius,3,3,43,0.097,-21.5,-5.42,64.8,78.6,75.9,36.7,41.4,23.3,18.3,34.3,18.5,99.8,121.3,,,,,,,,,,,,,66.9,16.4,36.2,,,,,,,,,,,,,,,,,,,,,,,,,,,,-23.2,0.0958,51.2,56.9
2025,Central Arkansas,4,9,44,0.273,-19.4,-4.29,70.2,78.1,71.89999999999999,29.6,47.8,28.8,28.6,30.0,18.2,96.9,116.3,,,,,,,,,,,,,67.0,16.7,38.7,,,,,,,,,,,,,,,,,,,,,,,,,,,,-18.3,0.1086,47.4,56.8
2025,Central Connecticut State,14,25,45,0.781,-2.5,-11.21,72.2,62.9,74.2,32.9,34.8,25.9,26.5,25.3,17.2,99.2,101.7,,,,,,,,,,,,,66.3,18.1,30.6,,,,,,,,,,,,,,,,,,,,,,,,,,,,-4.6,0.4266,52.2,47.7
2025,Central Michigan,7,14,46,0.452,-4.3,-2.8,75.5,72.2,72.2,31.3,33.3,35.8,32.1,29.1,17.6,104.2,108.5,,,,,,,,,,,,,67.9,18.2,35.9,,,,,,,,,,,,,,,,,,,,,,,,,,,,-11.4,0.3871,49.8,53.1
2025,Charleston Southern,6,10,47,0.313,-12.2,-2.45,72.1,78.2,66.2,30.7,42.0,43.9,31.2,28.2,19.9,99.3,111.5,,,,,,,,,,,,,68.2,13.5,32.4,,,,,,,,,,,,,,,,,,,,,,,,,,,,-16.1,0.2076,48.7,53.4
2025,Charlotte,3,11,48,0.333,-8.3,-0.63,70.5,74.5,74.9,31.0,40.9,42.7,25.4,29.2,15.1,104.2,112.5,,,,,,,,,,,,,65.5,14.6,33.3,,,,,,,,,,,,,,,,,,,,,,,,,,,,-16.4,0.2928,48.3,54.2
2025,Chattanooga,15,29,49,0.763,3.7,-2.94,79.7,72.9,76.7,36.7,45.1,31.0,25.7,29.3,15.0,114.4,110.7,,,,,,,,,,,,,67.1,16.3,35.2,,,,,,,,,,,,,,,,,,,,,,,,,,,,-4.0,0.5938,56.6,51.8
2025,Chicago State,4,4,50,0.125,-22.7,-4.97,62.5,78.7,70.5,30.6,40.9,26.8,22.6,33.6,18.5,91.8,114.5,,,,,,,,,,,,,69.3,18.2,35.8,,,,,,,,,,,,,,,,,,,,,,,,,,,,-21.7,0.0729,44.4,54.9
2025,Cincinnati,7,19,51,0.543,16.5,9.28,71.2,66.2,66.5,32.3,37.9,23.2,32.2,29.7,15.5,111.0,94.5,,,,,,,,,,,,,66.2,19.9,33.0,,,,,,,,,,,,,,,,,,,,,,,,,,,,-1.0,0.8649,51.0,48.6
2025,Clemson,18,27,52,0.794,21.2,7.51,76.1,65.8,76.8,36.9,38.8,28.3,33.7,30.4,15.8,117.2,96.0,,,,,,,,,,,,,65.1,20.0,31.9,,,,,,,,,,,,,,,,,,,,,,,,,,,,4.8,0.9081,53.4,48.8
2025,Cleveland State,14,23,53,0.639,-0.3,-3.85,73.1,66.5,73.0,32.6,32.3,30.8,34.5,33.6,18.0,103.6,103.9,,,,,,,,,,,,,66.3,21.9,35.0,,,,,,,,,,,,,,,,,,,,,,,,,,,,-7.4,0.4928,49.5,51.2
2025,Coastal Carolina,3,10,54,0.313,-13.1,-5.93,66.8,71.1,70.19999999999999,34.8,39.2,34.4,29.0,28.7,18.4,101.1,114.2,,,,,,,,,,,,,63.9,10.5,32.5,,,,,,,,,,,,,,,,,,,,,,,,,,,,-18.1,0.1968,49.4,48.6
2025,Colgate,10,14,55,0.424,-8.8,-6.4,72.1,72.4,73.0,35.7,42.2,22.6,23.7,26.9,16.7,103.5,112.3,,,,,,,,,,,,,67.7,16.3,37.3,,,,,,,,,,,,,,,,,,,,,,,,,,,,-14.8,0.282,54.2,53.3
2025,College of Charleston,13,24,56,0.727,-0.6,-3.38,77.2,73.8,71.6,35.3,23.7,20.7,9.3,26.7,11.4,76.2,74.8,,,,,,,,,,,,,,,,,,,,,,,,,,,,,,,,,,,,,,,,,,,,,,
2025,Colorado,3,14,57,0.4,8.4,11.74,69.7,71.9,75.0,32.1,37.3,35.8,29.2,28.3,21.0,108.0,99.6,,,,,,,,,,,,,68.4,16.2,34.1,,,,,,,,,,,,,,,,,,,,,,,,,,,,-4.4,0.7177,50.4,49.9
2025,Colorado State,16,26,58,0.722,16.6,6.05,75.2,67.3,77.5,36.3,42.8,31.6,27.0,25.8,17.2,115.6,99.0,,,,,,,,,,,,,66.6,16.7,33.2,,,,,,,,,,,,,,,,,,,,,,,,,,,,0.8,0.8554,55.5,48.5
2025,Columbia,1,12,59,0.444,-10.2,-5.7,78.4,78.1,73.5,33.8,39.1,29.5,25.9,26.7,15.4,105.5,115.7,,,,,,,,,,,,,71.5,16.4,39.2,,,,,,,,,,,,,,,,,,,,,,,,,,,,-11.3,0.2579,52.6,56.4
2025,Connecticut,14,24,60,0.686,19.5,8.87,77.0,68.0,79.10000000000001,34.8,42.7,30.8,35.5,27.8,17.0,120.9,101.4,,,,,,,,,,,,,64.5,15.7,35.0,,,,,,,,,,,,,,,,,,,,,,,,,,,,2.3,0.8828,55.0,48.1
2025,Coppin State,4,6,61,0.2,-24.9,-5.71,62.2,76.4,68.10000000000001,29.0,32.1,36.4,26.5,33.9,21.6,87.7,112.6,,,,,,,,,,,,,68.7,20.5,36.3,,,,,,,,,,,,,,,,,,,,,,,,,,,,-19.0,0.0534,44.0,55.6
2025,Cornell,9,18,62,0.621,3.6,-3.76,85.1,77.5,75.5,37.4,48.6,28.6,25.5,28.9,16.8,114.5,110.9,,,,,,,,,,,,,71.4,15.3,34.7,,,,,,,,,,,,,,,,,,,,,,,,,,,,-7.1,0.5919,58.7,52.2
2025,Creighton,15,25,63,0.694,19.3,11.04,75.5,70.0,72.8,34.5,48.9,28.6,26.4,27.2,17.9,117.5,98.2,,,,,,,,,,,,,67.9,11.6,32.6,,,,,,,,,,,,,,,,,,,,,,,,,,,,3.0,0.887,56.1,47.2
2025,Dartmouth,8,14,64,0.5,-2.8,-5.43,77.4,71.9,74.2,33.9,46.5,30.3,22.8,24.9,16.2,100.4,103.2,,,,,,,,,,,,,71.5,13.8,29.6,,,,,,,,,,,,,,,,,,,,,,,,,,,,-10.6,0.4217,50.3,49.1
2025,Davidson,6,17,65,0.515,2.7,0.46,72.5,70.7,74.6,34.1,42.1,29.2,24.4,26.9,14.6,109.9,107.2,,,,,,,,,,,,,66.4,15.4,35.3,,,,,,,,,,,,,,,,,,,,,,,,,,,,-9.2,0.5692,52.4,52.3
2025,Dayton,12,23,66,0.676,10.1,4.05,75.4,70.8,74.2,36.1,41.0,37.4,29.4,28.6,15.5,115.2,105.1,,,,,,,,,,,,,66.5,17.6,32.9,,,,,,,,,,,,,,,,,,,,,,,,,,,,-1.6,0.7402,53.0,51.1
2025,Delaware,5,16,67,0.444,-5.2,-4.14,77.2,77.9,78.2,37.7,39.9,30.0,22.4,32.5,16.6,109.1,114.3,,,,,,,,,,,,,71.0,15.5,35.3,,,,,,,,,,,,,,,,,,,,,,,,,,,,-15.0,0.3699,55.1,52.2
2025,Delaware State,8,16,68,0.533,-13.9,-9.05,78.7,74.3,72.3,35.5,20.7,36.3,34.0,32.1,18.1,100.4,114.3,,,,,,,,,,,,,70.8,20.0,33.5,,,,,,,,,,,,,,,,,,,,,,,,,,,,-10.9,0.185,48.8,53.8
2025,Denver,5,11,69,0.344,-9.6,-3.02,72.4,77.6,74.0,33.3,36.9,31.6,26.1,29.1,18.5,100.1,109.7,,,,,,,,,,,,,67.2,17.6,34.1,,,,,,,,,,,,,,,,,,,,,,,,,,,,-15.9,0.2585,50.3,54.3
2025,DePaul,4,14,70,0.412,4.8,7.33,72.4,74.5,70.5,34.4,46.2,27.8,26.9,28.7,18.1,109.0,104.2,,,,,,,,,,,,,68.0,15.5,34.7,,,,,,,,,,,,,,,,,,,,,,,,,,,,-7.4,0.6266,52.5,51.6
2025,Detroit Mercy,4,8,71,0.25,-16.8,-3.11,67.1,75.9,73.5,33.3,28.4,28.9,31.9,30.5,19.1,94.7,111.5,,,,,,,,,,,,,67.8,15.5,33.2,,,,,,,,,,,,,,,,,,,,,,,,,,,,-18.8,0.1326,45.6,51.2
2025,Drake,17,31,72,0.886,15.0,1.27,69.8,58.9,69.89999999999999,35.6,36.2,42.7,35.3,25.7,18.4,112.8,97.8,,,,,,,,,,,,,59.6,21.8,31.2,,,,,,,,,,,,,,,,,,,,,,,,,,,,2.7,0.8372,53.9,51.4
2025,Drexel,9,18,73,0.545,-2.2,-5.61,70.4,66.9,69.89999999999999,35.0,37.1,24.2,33.0,30.1,18.6,103.3,105.5,,,,,,,,,,,,,63.7,14.4,31.6,,,,,,,,,,,,,,,,,,,,,,,,,,,,-11.6,0.4405,52.2,47.8
2025,Duke,19,35,74,0.897,37.6,10.26,83.2,62.8,79.0,38.6,44.9,32.6,34.1,26.7,14.0,128.8,91.2,,,,,,,,,,,,,66.4,17.1,30.8,,,,,,,,,,,,,,,,,,,,,,,,,,,,9.5,0.9815,58.2,44.4
2025,Duquesne,8,13,75,0.406,2.7,0.89,69.1,67.3,65.10000000000001,34.0,43.2,30.0,32.9,30.7,18.3,105.8,103.1,,,,,,,,,,,,,65.8,20.0,35.9,,,,,,,,,,,,,,,,,,,,,,,,,,,,-13.0,0.5742,50.0,50.2
2025,East Carolina,10,19,76,0.576,-2.1,-0.82,75.8,73.8,72.0,31.2,35.2,35.2,33.8,31.2,15.6,106.1,108.2,,,,,,,,,,,,,67.2,17.4,38.4,,,,,,,,,,,,,,,,,,,,,,,,,,,,-8.9,0.4426,48.4,51.7
2025,East Tennessee State,12,19,77,0.594,-0.8,-5.2,71.9,66.5,66.10000000000001,34.7,41.7,33.2,35.7,29.8,16.1,105.1,105.9,,,,,,,,,,,,,65.8,18.9,34.2,,,,,,,,,,,,,,,,,,,,,,,,,,,,-9.1,0.4791,50.3,50.3
2025,East Texas A&M,3,5,78,0.161,-7.5,-1.86,64.4,74.9,64.4,31.4,48.3,28.0,28.1,35.9,22.5,99.5,107.0,,,,,,,,,,,,,68.1,19.9,37.4,,,,,,,,,,,,,,,,,,,,,,,,,,,,-19.7,0.3027,49.2,53.8
2025,Eastern Illinois,8,12,79,0.387,-12.5,-5.91,66.5,69.0,67.80000000000001,31.7,29.7,33.0,30.0,30.9,18.7,93.9,106.4,,,,,,,,,,,,,66.8,20.8,34.7,,,,,,,,,,,,,,,,,,,,,,,,,,,,-14.4,0.1906,44.1,51.0
2025,Eastern Kentucky,12,18,80,0.563,-2.2,-4.46,77.8,75.2,75.0,34.9,42.2,26.0,32.4,33.2,13.8,109.0,111.2,,,,,,,,,,,,,68.3,17.8,35.5,,,,,,,,,,,,,,,,,,,,,,,,,,,,-8.8,0.4445,49.7,52.6
2025,Eastern Michigan,9,16,81,0.5,-9.5,-5.38,73.6,76.5,73.7,35.0,38.2,33.0,29.6,31.7,18.7,103.8,113.3,,,,,,,,,,,,,67.9,17.8,37.7,,,,,,,,,,,,,,,,,,,,,,,,,,,,-12.0,0.2668,52.4,53.7
2025,Eastern Washington,6,10,82,0.313,-9.0,-2.11,71.3,75.5,77.8,32.3,37.6,31.1,26.9,33.6,18.7,102.3,111.3,,,,,,,,,,,,,67.7,19.0,36.9,,,,,,,,,,,,,,,,,,,,,,,,,,,,-16.4,0.2748,50.9,54.4
2025,Elon,8,17,83,0.515,-4.2,-4.94,73.7,70.2,74.9,33.2,41.5,38.7,36.1,31.5,19.1,106.6,110.8,,,,,,,,,,,,,65.8,13.0,33.0,,,,,,,,,,,,,,,,,,,,,,,,,,,,-10.9,0.3899,50.4,48.0
2025,Evansville,8,11,84,0.344,-7.3,0.34,66.0,70.7,69.69999999999999,29.9,40.6,31.1,22.6,29.2,17.7,97.8,105.1,,,,,,,,,,,,,67.6,16.7,34.1,,,,,,,,,,,,,,,,,,,,,,,,,,,,-14.6,0.3027,48.8,50.2
2025,Fairfield,8,12,85,0.375,-16.0,-7.68,67.5,72.6,72.6,31.5,38.3,25.4,28.6,31.0,15.5,98.2,114.2,,,,,,,,,,,,,66.6,18.2,36.0,,,,,,,,,,,,,,,,,,,,,,,,,,,,-16.9,0.1499,46.3,53.7
2025,FDU,8,13,86,0.394,-11.96,-8.06,73.7,73.2,71.1,33.6,24.8,19.5,9.7,24.2,11.7,71.3,75.6,,,,,,,,,,,,,,,,,,,,,,,,,,,,,,,,,,,,,,,,,,,,,,
2025,Florida,14,36,87,0.9,32.9,12.6,84.8,69.6,72.8,35.7,43.8,34.3,38.9,29.0,15.5,127.4,94.5,,,,,,,,,,,,,70.2,16.6,29.6,,,,,,,,,,,,,,,,,,,,,,,,,,,,11.1,0.9685,55.1,45.5
2025,Florida A&M,10,14,88,0.452,-15.2,-6.03,72.1,75.3,71.3,33.6,46.6,36.7,27.7,31.9,20.7,101.1,116.3,,,,,,,,,,,,,67.9,15.4,34.2,,,,,,,,,,,,,,,,,,,,,,,,,,,,-10.8,0.1679,50.6,51.4
2025,Florida Atlantic,10,18,89,0.529,4.7,1.96,78.7,75.6,69.69999999999999,35.1,40.3,33.3,30.7,31.5,16.3,112.2,107.5,,,,,,,,,,,,,69.7,16.0,37.1,,,,,,,,,,,,,,,,,,,,,,,,,,,,-7.8,0.6205,53.4,50.1
2025,Florida Gulf Coast,13,19,90,0.559,-1.5,-4.92,72.2,69.7,68.5,35.5,38.2,23.2,30.0,26.4,16.2,106.4,107.9,,,,,,,,,,,,,66.0,14.1,35.2,,,,,,,,,,,,,,,,,,,,,,,,,,,,-9.3,0.4615,53.6,50.2
2025,Florida International,3,10,91,0.303,-6.72,-1.66,69.2,72.1,70.7,28.7,17.7,20.4,11.5,23.7,13.7,68.7,72.6,,,,,,,,,,,,,,,,,,,,,,,,,,,,,,,,,,,,,,,,,,,,,,
2025,Florida State,8,17,92,0.531,8.0,6.43,74.5,72.5,71.7,31.7,33.7,39.4,29.7,31.8,17.4,108.2,100.2,,,,,,,,,,,,,70.4,19.1,32.0,,,,,,,,,,,,,,,,,,,,,,,,,,,,-5.3,0.707,50.7,48.5
2025,Fordham,3,12,93,0.364,-5.1,0.59,74.3,78.0,71.89999999999999,32.0,41.5,32.8,31.5,30.6,18.4,105.6,110.7,,,,,,,,,,,,,70.3,16.7,35.5,,,,,,,,,,,,,,,,,,,,,,,,,,,,-14.1,0.3682,48.6,52.8
2025,Fresno State,2,6,94,0.188,-7.9,4.4,70.7,80.7,69.19999999999999,31.3,35.3,36.4,27.0,34.0,17.7,100.2,108.1,,,,,,,,,,,,,71.5,18.0,34.2,,,,,,,,,,,,,,,,,,,,,,,,,,,,-16.5,0.2938,46.1,54.0
2025,Furman,11,25,95,0.714,1.9,-3.27,77.2,69.8,68.7,35.9,51.5,34.6,30.1,31.0,17.0,109.4,107.5,,,,,,,,,,,,,66.5,16.4,33.1,,,,,,,,,,,,,,,,,,,,,,,,,,,,-4.3,0.5498,53.7,49.6
2025,Gardner-Webb,5,11,96,0.355,-7.9,-3.86,73.8,78.1,69.19999999999999,33.0,33.1,36.2,33.4,30.2,20.8,102.5,110.4,,,,,,,,,,,,,69.8,14.8,32.3,,,,,,,,,,,,,,,,,,,,,,,,,,,,-14.8,0.2987,51.9,52.0
2025,George Mason,15,27,97,0.75,10.2,0.83,71.2,63.8,71.39999999999999,35.4,36.4,42.7,31.8,29.3,19.8,105.8,95.6,,,,,,,,,,,,,65.4,19.2,31.0,,,,,,,,,,,,,,,,,,,,,,,,,,,,-0.4,0.7627,51.7,45.6
2025,George Washington,9,21,98,0.618,3.7,-1.7,73.2,68.4,69.39999999999999,31.3,42.2,41.0,31.5,32.5,18.6,106.7,103.0,,,,,,,,,,,,,67.9,19.2,31.8,,,,,,,,,,,,,,,,,,,,,,,,,,,,-6.6,0.5996,50.6,48.7
2025,Georgetown,8,18,99,0.529,7.3,5.77,72.0,69.6,70.39999999999999,32.0,37.8,25.5,31.9,28.8,17.0,106.9,99.6,,,,,,,,,,,,,69.0,19.5,33.6,,,,,,,,,,,,,,,,,,,,,,,,,,,,-4.6,0.6924,50.4,49.5
2025,Georgia,8,20,100,0.606,18.3,10.94,75.3,69.9,71.7,32.9,37.0,40.1,36.0,31.9,18.8,114.8,96.5,,,,,,,,,,,,,67.2,18.0,31.6,,,,,,,,,,,,,,,,,,,,,,,,,,,,2.0,0.881,52.1,47.7
2025,Georgia Southern,8,17,101,0.515,-6.9,-5.47,74.2,75.9,65.8,34.5,44.3,26.5,33.0,33.0,19.0,102.3,109.2,,,,,,,,,,,,,70.3,18.4,32.3,,,,,,,,,,,,,,,,,,,,,,,,,,,,-11.2,0.3211,50.6,50.1
2025,Georgia State,8,14,102,0.424,-7.3,-3.01,75.1,78.3,68.60000000000001,34.4,33.3,33.8,32.4,31.9,16.9,106.1,113.4,,,,,,,,,,,,,69.8,12.9,33.2,,,,,,,,,,,,,,,,,,,,,,,,,,,,-13.1,0.3169,50.4,51.0
2025,Georgia Tech,10,17,103,0.5,5.5,5.89,73.1,72.7,68.7,34.3,36.8,30.7,30.3,28.6,17.4,106.4,100.9,,,,,,,,,,,,,69.5,15.8,35.1,,,,,,,,,,,,,,,,,,,,,,,,,,,,-5.2,0.648,50.2,49.3
2025,Gonzaga,14,26,104,0.743,27.5,7.27,86.4,69.9,80.4,35.4,33.6,30.7,32.5,26.9,13.4,124.3,96.8,,,,,,,,,,,,,71.0,18.0,30.2,,,,,,,,,,,,,,,,,,,,,,,,,,,,2.8,0.9465,56.0,47.5
2025,Grambling,7,12,105,0.353,-13.3,-7.57,66.8,67.7,72.89999999999999,32.0,35.0,35.1,26.3,31.1,19.2,95.6,108.9,,,,,,,,,,,,,64.6,18.3,35.7,,,,,,,,,,,,,,,,,,,,,,,,,,,,-16.8,0.1824,47.3,49.3
2025,Grand Canyon,13,26,106,0.765,7.6,-2.63,78.3,69.5,73.1,31.3,33.8,43.6,32.4,28.9,18.5,107.4,99.8,,,,,,,,,,,,,72.0,20.3,32.3,,,,,,,,,,,,,,,,,,,,,,,,,,,,-2.5,0.6997,50.7,47.3
2025,Green Bay,2,4,107,0.125,-14.5,-2.53,69.9,80.3,78.4,32.9,46.2,37.0,18.4,32.0,18.0,100.9,115.4,,,,,,,,,,,,,69.8,14.6,37.3,,,,,,,,,,,,,,,,,,,,,,,,,,,,-21.6,0.1756,50.9,54.8
2025,Hampton,8,17,108,0.515,-4.5,-4.01,72.5,70.0,71.2,32.4,36.7,30.3,34.0,28.7,16.0,102.9,107.4,,,,,,,,,,,,,66.2,18.8,34.2,,,,,,,,,,,,,,,,,,,,,,,,,,,,-11.5,0.3781,47.5,52.6
2025,Harvard,7,12,109,0.444,-6.9,-3.92,68.4,72.0,76.7,32.0,39.9,24.4,25.0,31.1,18.0,101.5,108.4,,,,,,,,,,,,,66.4,17.7,33.5,,,,,,,,,,,,,,,,,,,,,,,,,,,,-10.8,0.319,50.6,52.2
2025,Hawaii,7,15,110,0.484,-5.2,-1.02,70.1,71.2,73.8,31.0,37.4,39.9,31.0,24.9,20.7,102.4,107.6,,,,,,,,,,,,,66.6,13.1,35.0,,,,,,,,,,,,,,,,,,,,,,,,,,,,-11.1,0.3622,50.6,49.5
2025,High Point,14,29,111,0.829,8.9,-5.19,81.7,68.9,76.1,36.6,39.4,37.2,33.6,30.6,15.3,117.5,108.6,,,,,,,,,,,,,67.1,16.4,32.9,,,,,,,,,,,,,,,,,,,,,,,,,,,,-1.7,0.7108,56.3,49.1
2025,Hofstra,6,15,112,0.455,-4.4,-3.88,66.7,64.9,71.5,33.2,42.3,25.3,25.8,28.6,17.6,97.6,102.0,,,,,,,,,,,,,64.3,16.4,33.9,,,,,,,,,,,,,,,,,,,,,,,,,,,,-13.4,0.3767,48.9,45.9
2025,Holy Cross,5,13,113,0.406,-14.5,-7.37,69.6,72.1,72.1,38.6,42.3,22.2,23.3,27.0,17.9,101.4,115.9,,,,,,,,,,,,,66.6,13.6,34.5,,,,,,,,,,,,,,,,,,,,,,,,,,,,-15.5,0.1771,53.1,53.5
2025,Houston,19,35,114,0.875,37.8,13.45,73.6,58.6,74.0,39.7,34.6,27.4,36.8,28.7,14.2,124.9,87.1,,,,,,,,,,,,,62.1,21.2,30.1,,,,,,,,,,,,,,,,,,,,,,,,,,,,11.5,0.9844,52.3,44.8
2025,Houston Christian,9,12,115,0.375,-7.6,-2.97,66.0,69.4,68.7,32.5,44.0,30.5,26.0,32.0,18.0,100.8,108.4,,,,,,,,,,,,,65.3,17.9,32.3,,,,,,,,,,,,,,,,,,,,,,,,,,,,-14.2,0.3042,49.1,52.6
2025,Howard,7,12,116,0.375,-12.1,-6.88,77.5,79.3,73.9,36.6,38.4,35.7,29.0,33.8,21.2,104.0,116.1,,,,,,,,,,,,,70.4,16.5,33.8,,,,,,,,,,,,,,,,,,,,,,,,,,,,-13.6,0.2192,53.5,52.3
2025,Idaho,8,14,117,0.424,-7.2,-3.49,73.6,75.5,75.1,34.7,47.9,33.6,28.9,31.3,17.9,107.9,115.1,,,,,,,,,,,,,67.1,15.1,34.9,,,,,,,,,,,,,,,,,,,,,,,,,,,,-14.0,0.3237,51.8,54.0
2025,Idaho State,10,15,118,0.5,-4.2,-4.02,74.3,70.0,74.2,31.2,36.6,34.4,38.3,25.9,16.3,105.2,109.4,,,,,,,,,,,,,66.6,17.9,37.3,,,,,,,,,,,,,,,,,,,,,,,,,,,,-10.5,0.3895,47.8,54.1
2025,Illinois,12,22,119,0.629,25.0,12.79,83.6,74.8,76.2,31.3,47.2,34.4,35.8,25.8,16.0,121.9,96.9,,,,,,,,,,,,,72.0,12.4,33.6,,,,,,,,,,,,,,,,,,,,,,,,,,,,4.0,0.9332,52.4,47.4
2025,Illinois State,10,22,120,0.611,4.3,-0.57,75.8,71.8,74.9,37.1,46.7,31.9,24.7,25.2,15.9,113.1,108.8,,,,,,,,,,,,,66.5,16.3,35.5,,,,,,,,,,,,,,,,,,,,,,,,,,,,-7.7,0.6101,56.3,53.1
2025,Illinois-Chicago,10,17,121,0.548,-0.63,0.58,76.0,73.7,71.89999999999999,34.9,23.1,20.0,10.6,25.5,12.1,76.2,73.5,,,,,,,,,,,,,,,,,,,,,,,,,,,,,,,,,,,,,,,,,,,,,,
2025,Incarnate Word,9,19,122,0.528,-5.1,-5.23,73.9,69.7,68.5,35.2,35.8,28.8,34.5,31.8,17.5,107.0,112.1,,,,,,,,,,,,,65.3,17.4,35.8,,,,,,,,,,,,,,,,,,,,,,,,,,,,-11.4,0.3704,51.5,51.9
2025,Indiana,10,19,123,0.594,15.1,12.0,74.7,72.0,70.6,32.1,33.2,33.1,31.5,28.1,16.7,112.8,97.7,,,,,,,,,,,,,68.7,16.4,32.7,,,,,,,,,,,,,,,,,,,,,,,,,,,,0.9,0.8387,51.1,49.8
2025,Indiana State,8,14,124,0.438,-3.5,-0.65,80.1,79.5,74.9,35.0,50.1,35.9,26.2,27.0,19.5,108.6,112.1,,,,,,,,,,,,,73.0,15.8,35.9,,,,,,,,,,,,,,,,,,,,,,,,,,,,-12.0,0.4098,54.6,54.3
2025,Iona,12,17,125,0.5,-6.8,-7.78,69.7,70.5,68.5,31.8,34.7,27.9,39.1,30.9,20.9,98.7,105.5,,,,,,,,,,,,,69.0,22.8,32.6,,,,,,,,,,,,,,,,,,,,,,,,,,,,-13.7,0.3167,47.5,51.7
2025,Iowa,7,17,126,0.515,13.5,10.06,82.5,79.7,70.5,38.0,41.0,26.0,25.1,32.2,13.7,119.5,106.0,,,,,,,,,,,,,70.5,17.9,34.4,,,,,,,,,,,,,,,,,,,,,,,,,,,,-1.9,0.7993,56.8,54.4
2025,Iowa State,13,25,127,0.714,22.33,10.33,80.3,68.3,75.3,35.8,21.4,22.0,10.3,25.1,12.0,83.4,65.2,,,,,,,,,,,,,,,,,,,,,,,,,,,,,,,,,,,,,,,,,,,,,,
2025,IU Indy,6,10,128,0.313,-13.6,-4.24,75.1,76.8,74.1,36.8,47.3,34.1,30.6,33.6,15.7,108.7,122.3,,,,,,,,,,,,,65.6,16.0,37.3,,,,,,,,,,,,,,,,,,,,,,,,,,,,-17.5,0.2039,50.4,57.0
2025,Jackson State,14,16,129,0.471,-8.0,-6.24,71.4,74.6,73.0,32.6,33.7,37.5,30.1,30.0,19.5,99.3,107.3,,,,,,,,,,,,,69.2,17.4,34.1,,,,,,,,,,,,,,,,,,,,,,,,,,,,-10.6,0.2904,47.7,50.6
2025,Jacksonville,12,19,130,0.576,-3.3,-3.8,72.1,71.5,67.4,36.8,33.9,28.5,35.6,30.5,19.5,100.8,104.1,,,,,,,,,,,,,68.2,18.6,34.7,,,,,,,,,,,,,,,,,,,,,,,,,,,,-7.6,0.4078,50.2,51.1
2025,Jacksonville State,12,23,131,0.639,3.4,0.12,73.7,68.4,75.2,34.0,36.9,31.8,31.0,26.3,15.9,108.7,105.3,,,,,,,,,,,,,65.4,13.5,34.6,,,,,,,,,,,,,,,,,,,,,,,,,,,,-5.5,0.5906,49.7,49.2
2025,James Madison,13,20,132,0.625,0.6,-2.68,73.9,70.5,75.4,34.3,45.2,30.4,32.0,30.5,15.8,110.0,109.4,,,,,,,,,,,,,65.7,15.6,35.5,,,,,,,,,,,,,,,,,,,,,,,,,,,,-7.3,0.5167,50.7,50.9
2025,Kansas,11,21,133,0.618,23.0,13.56,76.1,69.6,71.6,35.4,34.1,24.4,30.5,27.6,16.9,115.8,92.8,,,,,,,,,,,,,69.1,15.6,30.8,,,,,,,,,,,,,,,,,,,,,,,,,,,,4.2,0.9275,53.1,46.3
2025,Kansas City,4,13,134,0.394,-5.66,-3.04,72.3,67.2,76.2,34.300000000000004,25.6,18.5,11.9,23.5,11.9,71.4,68.1,,,,,,,,,,,,,,,,,,,,,,,,,,,,,,,,,,,,,,,,,,,,,,
2025,Kansas State,9,16,135,0.485,12.6,9.67,70.8,69.6,69.1,32.5,40.2,27.6,29.4,31.7,17.7,109.8,97.2,,,,,,,,,,,,,67.7,18.1,31.5,,,,,,,,,,,,,,,,,,,,,,,,,,,,-2.5,0.8038,50.6,49.0
2025,Kennesaw State,10,19,136,0.576,2.8,0.83,76.5,73.2,71.89999999999999,30.6,45.5,38.8,32.5,27.4,19.7,106.6,103.8,,,,,,,,,,,,,70.8,15.1,32.5,,,,,,,,,,,,,,,,,,,,,,,,,,,,-7.2,0.5756,49.3,48.3
2025,Kent State,11,24,137,0.667,1.42,-2.67,73.5,68.3,74.5,31.9,22.5,18.2,12.8,24.3,11.7,72.7,69.1,,,,,,,,,,,,,,,,,,,,,,,,,,,,,,,,,,,,,,,,,,,,,,
2025,Kentucky,10,24,138,0.667,25.0,14.04,84.4,77.2,73.1,37.5,41.2,35.2,28.2,26.4,15.0,123.6,98.6,,,,,,,,,,,,,71.3,14.1,30.5,,,,,,,,,,,,,,,,,,,,,,,,,,,,5.6,0.9312,55.9,50.3
2025,La Salle,5,14,139,0.424,-3.9,1.02,72.0,74.7,72.6,32.8,33.2,31.4,30.5,29.5,15.5,103.3,107.2,,,,,,,,,,,,,69.4,16.7,33.2,,,,,,,,,,,,,,,,,,,,,,,,,,,,-11.7,0.3955,46.1,52.6
2025,Lafayette,7,13,140,0.394,-11.2,-8.35,68.5,68.9,68.4,34.0,40.3,30.5,24.0,28.0,16.6,97.5,108.7,,,,,,,,,,,,,66.8,16.7,35.8,,,,,,,,,,,,,,,,,,,,,,,,,,,,-16.8,0.2224,50.2,50.4
2025,Lamar,14,20,141,0.606,0.1,-2.64,69.9,65.8,68.7,35.6,32.8,29.0,35.5,31.8,19.0,102.2,102.1,,,,,,,,,,,,,66.0,17.7,31.4,,,,,,,,,,,,,,,,,,,,,,,,,,,,-6.9,0.5021,47.2,47.6
2025,Le Moyne,4,9,142,0.281,-18.6,-8.35,74.1,80.2,70.39999999999999,32.8,41.3,37.7,25.7,32.9,19.6,102.1,120.7,,,,,,,,,,,,,69.3,16.3,37.0,,,,,,,,,,,,,,,,,,,,,,,,,,,,-19.1,0.1273,51.5,54.7
2025,Lehigh,6,11,143,0.367,-12.0,-6.71,70.3,71.4,68.30000000000001,36.4,37.3,31.5,21.4,29.1,15.6,99.5,111.5,,,,,,,,,,,,,67.9,16.1,31.2,,,,,,,,,,,,,,,,,,,,,,,,,,,,-15.2,0.2129,51.1,50.7
2025,Liberty,13,28,144,0.8,12.9,-0.99,75.9,63.4,65.8,38.7,48.2,30.3,19.0,28.1,15.4,111.6,98.7,,,,,,,,,,,,,66.2,17.0,28.7,,,,,,,,,,,,,,,,,,,,,,,,,,,,-0.16,0.8046,57.8,46.5
2025,Lindenwood,10,16,145,0.485,-13.2,-7.27,71.2,71.3,68.0,26.7,34.6,36.0,30.0,31.5,17.9,94.5,107.7,,,,,,,,,,,,,70.1,19.4,34.6,,,,,,,,,,,,,,,,,,,,,,,,,,,,-12.8,0.1821,45.0,50.7
2025,Lipscomb,14,25,146,0.714,6.4,-4.43,78.6,67.7,79.4,36.4,47.6,31.2,23.8,26.6,14.7,109.5,103.1,,,,,,,,,,,,,66.9,15.9,31.2,,,,,,,,,,,,,,,,,,,,,,,,,,,,-4.1,0.6656,55.6,49.1
2025,Little Rock,12,19,147,0.576,-6.3,-7.67,69.3,67.2,70.39999999999999,36.6,30.3,29.0,30.4,35.4,20.4,97.6,103.9,,,,,,,,,,,,,67.5,21.5,31.4,,,,,,,,,,,,,,,,,,,,,,,,,,,,-9.9,0.3286,49.5,46.7
2025,Long Beach State,3,7,148,0.219,-13.5,-0.53,67.2,74.2,75.6,35.3,37.1,35.5,28.5,34.9,21.7,100.5,114.0,,,,,,,,,,,,,64.8,17.1,38.1,,,,,,,,,,,,,,,,,,,,,,,,,,,,-19.0,0.1901,49.2,53.4
2025,Long Island University,12,17,149,0.515,-10.97,-9.97,67.7,65.3,71.8,31.0,19.7,15.7,11.6,23.9,13.0,64.7,68.3,,,,,,,,,,,,,,,,,,,,,,,,,,,,,,,,,,,,,,,,,,,,,,
2025,Longwood,7,18,150,0.563,-4.7,-5.04,78.2,74.1,72.7,32.9,33.9,45.4,32.1,29.6,18.0,105.1,109.8,,,,,,,,,,,,,69.7,20.7,33.7,,,,,,,,,,,,,,,,,,,,,,,,,,,,-9.7,0.3754,51.3,55.9
2025,Louisiana,8,12,151,0.364,-11.7,-2.33,65.4,73.0,72.89999999999999,31.3,38.1,29.8,25.9,35.5,16.0,98.4,110.1,,,,,,,,,,,,,67.0,19.1,31.5,,,,,,,,,,,,,,,,,,,,,,,,,,,,-15.6,0.2151,45.7,51.3
2025,Louisiana State,3,14,152,0.438,9.1,9.68,73.8,73.6,71.39999999999999,30.5,43.5,32.5,29.5,34.3,18.6,108.5,99.4,,,,,,,,,,,,,68.8,16.5,32.3,,,,,,,,,,,,,,,,,,,,,,,,,,,,-3.9,0.7323,51.1,48.3
2025,Louisiana Tech,9,20,153,0.625,2.5,-0.72,73.9,68.4,75.0,34.1,41.4,35.0,29.3,28.7,18.9,107.9,105.4,,,,,,,,,,,,,65.1,14.7,30.8,,,,,,,,,,,,,,,,,,,,,,,,,,,,-6.4,0.5676,52.5,47.8
2025,Louisiana-Monroe,3,7,154,0.219,-17.5,-4.3,68.9,75.5,71.3,32.5,33.9,31.1,29.0,32.5,17.1,96.3,113.8,,,,,,,,,,,,,68.5,16.1,34.0,,,,,,,,,,,,,,,,,,,,,,,,,,,,-20.7,0.1275,45.0,53.6
2025,Louisville,18,27,155,0.771,21.8,9.49,78.5,69.5,74.6,32.8,47.8,33.7,31.9,27.1,16.3,117.7,95.9,,,,,,,,,,,,,69.6,18.5,34.1,,,,,,,,,,,,,,,,,,,,,,,,,,,,5.5,0.9134,53.2,49.7
2025,Loyola,12,25,156,0.676,-13.1,0.19,73.5,69.0,67.5,32.9,39.6,29.3,28.6,27.9,17.7,99.8,112.9,,,,,,,,,,,,,67.2,16.9,35.1,,,,,,,,,,,,,,,,,,,,,,,,,,,,-16.1,0.1946,50.1,52.8
2025,Loyola,6,12,157,0.387,-13.1,-8.48,69.2,71.1,69.69999999999999,32.9,39.6,29.3,28.6,27.9,17.7,99.8,112.9,,,,,,,,,,,,,67.2,16.9,35.1,,,,,,,,,,,,,,,,,,,,,,,,,,,,-16.1,0.1946,50.1,52.8
2025,Loyola Marymount,8,17,158,0.531,1.1,2.94,71.2,71.6,72.39999999999999,33.1,40.4,29.0,22.8,30.9,15.2,103.9,102.8,,,,,,,,,,,,,67.8,15.7,31.8,,,,,,,,,,,,,,,,,,,,,,,,,,,,-6.9,0.5307,50.2,48.5
2025,Maine,10,20,159,0.588,-5.2,-8.4,70.9,66.1,73.4,35.7,33.0,28.2,21.8,32.3,15.5,99.0,104.2,,,,,,,,,,,,,66.7,21.9,33.3,,,,,,,,,,,,,,,,,,,,,,,,,,,,-10.2,0.3564,51.6,50.4
2025,Manhattan,12,17,160,0.548,-8.7,-8.37,76.3,75.1,76.8,34.1,41.6,31.8,32.5,32.2,16.7,107.4,116.1,,,,,,,,,,,,,68.3,15.0,32.4,,,,,,,,,,,,,,,,,,,,,,,,,,,,-9.9,0.2911,50.8,50.9
2025,Marist,13,20,161,0.667,-8.8,-10.45,66.0,64.5,70.8,31.4,37.6,22.4,30.6,25.6,18.4,97.1,105.9,,,,,,,,,,,,,64.7,16.4,33.7,,,,,,,,,,,,,,,,,,,,,,,,,,,,-8.0,0.2696,49.9,46.9
2025,Marquette,13,23,162,0.676,20.2,10.37,76.6,68.7,72.0,32.6,46.4,25.9,30.0,31.0,13.6,116.5,96.3,,,,,,,,,,,,,68.3,21.4,31.8,,,,,,,,,,,,,,,,,,,,,,,,,,,,3.6,0.8988,52.0,49.9
2025,Marshall,12,20,163,0.606,-1.0,-4.52,75.7,71.7,69.3,32.3,39.6,34.8,33.0,29.6,16.5,105.2,106.2,,,,,,,,,,,,,69.4,16.8,32.2,,,,,,,,,,,,,,,,,,,,,,,,,,,,-8.6,0.4721,49.9,49.3
2025,Maryland,14,27,164,0.75,26.2,9.41,81.1,67.2,75.0,37.3,35.4,33.1,30.7,28.2,14.3,118.5,92.3,,,,,,,,,,,,,70.2,20.1,30.6,,,,,,,,,,,,,,,,,,,,,,,,,,,,5.2,0.9468,53.6,47.1
2025,Maryland-Baltimore County,5,13,165,0.406,-11.56,-8.21,80.0,78.8,69.19999999999999,38.7,23.2,18.7,7.4,24.7,11.4,77.5,81.3,,,,,,,,,,,,,,,,,,,,,,,,,,,,,,,,,,,,,,,,,,,,,,
2025,Maryland-Eastern Shore,2,6,166,0.194,-20.65,-4.47,67.4,77.7,66.4,32.9,20.6,19.6,9.9,23.0,13.4,66.1,79.0,,,,,,,,,,,,,,,,,,,,,,,,,,,,,,,,,,,,,,,,,,,,,,
2025,Massachusetts,7,12,167,0.375,-4.6,0.15,72.9,75.0,66.4,28.0,32.2,34.0,34.3,31.0,16.1,101.6,106.2,,,,,,,,,,,,,71.1,17.5,33.2,,,,,,,,,,,,,,,,,,,,,,,,,,,,-13.5,0.3764,45.1,49.8
2025,Massachusetts-Lowell,6,17,168,0.531,-7.64,-7.6,79.5,74.1,77.2,35.4,20.0,19.6,8.6,27.2,12.5,77.2,76.4,,,,,,,,,,,,,,,,,,,,,,,,,,,,,,,,,,,,,,,,,,,,,,
2025,McNeese State,19,28,169,0.8,14.3,-1.05,76.6,64.5,69.69999999999999,35.2,36.6,35.3,34.5,31.7,16.2,113.5,99.2,,,,,,,,,,,,,66.2,21.7,32.4,,,,,,,,,,,,,,,,,,,,,,,,,,,,-0.4,0.8246,53.0,47.7
2025,Memphis,16,29,170,0.829,13.5,5.66,79.9,73.4,70.19999999999999,37.6,33.3,39.3,35.3,32.3,19.3,112.4,98.9,,,,,,,,,,,,,71.3,18.9,32.4,,,,,,,,,,,,,,,,,,,,,,,,,,,,5.0,0.8125,53.5,48.6
2025,Mercer,6,14,171,0.424,-8.7,-5.11,76.1,75.3,65.5,31.8,40.1,29.8,28.8,28.7,16.6,98.9,107.6,,,,,,,,,,,,,71.7,16.8,34.7,,,,,,,,,,,,,,,,,,,,,,,,,,,,-14.3,0.2745,48.9,50.8
2025,Mercyhurst,9,15,172,0.484,-16.2,-9.68,67.9,69.9,80.2,35.7,36.4,30.9,22.2,33.3,16.4,99.4,115.6,,,,,,,,,,,,,65.3,20.3,35.7,,,,,,,,,,,,,,,,,,,,,,,,,,,,-12.6,0.1493,48.6,55.0
2025,Merrimack,14,18,173,0.545,-2.5,-6.04,65.6,64.2,72.3,33.0,42.9,24.4,20.8,38.6,13.8,98.8,101.3,,,,,,,,,,,,,65.2,23.2,31.0,,,,,,,,,,,,,,,,,,,,,,,,,,,,-9.8,0.4296,49.4,46.9
2025,Miami,3,7,174,0.226,0.38,7.03,74.0,80.6,76.4,31.3,23.0,15.7,9.5,22.1,10.9,76.1,78.5,,,,,,,,,,,,,,,,,,,,,,,,,,,,,,,,,,,,,,,,,,,,,,
2025,Miami,14,25,175,0.735,-0.92,-5.36,80.6,72.7,72.39999999999999,39.7,26.9,16.5,9.4,24.7,12.1,79.0,74.3,,,,,,,,,,,,,,,,,,,,,,,,,,,,,,,,,,,,,,,,,,,,,,
2025,Michigan,14,27,176,0.73,22.6,13.69,78.0,71.5,72.8,33.2,42.0,35.7,33.2,30.2,19.6,116.5,93.9,,,,,,,,,,,,,70.5,15.8,30.8,,,,,,,,,,,,,,,,,,,,,,,,,,,,6.8,0.9224,53.8,46.1
2025,Michigan State,17,30,177,0.811,24.6,11.89,77.7,67.1,77.9,31.1,32.9,37.7,35.3,24.7,16.4,117.1,92.5,,,,,,,,,,,,,68.1,15.9,28.0,,,,,,,,,,,,,,,,,,,,,,,,,,,,8.5,0.9372,50.9,46.2
2025,Middle Tennessee,12,22,178,0.647,4.6,1.02,76.7,72.5,67.0,31.5,39.6,32.4,30.7,28.7,16.6,108.7,104.1,,,,,,,,,,,,,69.0,16.0,31.5,,,,,,,,,,,,,,,,,,,,,,,,,,,,-4.1,0.6231,50.9,48.9
2025,Milwaukee,14,21,179,0.656,0.7,-3.79,78.4,71.7,68.4,31.9,31.5,38.0,39.8,26.6,19.4,106.4,105.7,,,,,,,,,,,,,69.4,18.3,33.6,,,,,,,,,,,,,,,,,,,,,,,,,,,,-6.7,0.5208,51.4,51.5
2025,Minnesota,7,15,180,0.469,8.4,10.14,68.1,69.7,66.4,32.2,35.9,31.5,30.2,30.6,16.6,109.7,101.3,,,,,,,,,,,,,63.4,16.3,34.5,,,,,,,,,,,,,,,,,,,,,,,,,,,,-3.9,0.7145,49.9,50.1
2025,Mississippi,10,24,181,0.667,22.1,12.8,77.2,71.7,73.8,34.8,40.0,35.3,25.5,30.4,12.9,118.3,96.2,,,,,,,,,,,,,68.5,20.2,32.5,,,,,,,,,,,,,,,,,,,,,,,,,,,,4.9,0.9149,51.4,50.5
2025,Mississippi State,8,21,182,0.618,19.7,11.79,79.5,74.2,70.1,31.4,42.7,31.5,33.9,29.9,15.3,118.4,98.7,,,,,,,,,,,,,68.7,18.9,35.8,,,,,,,,,,,,,,,,,,,,,,,,,,,,3.1,0.8893,51.9,51.8
2025,Mississippi Valley State,1,3,183,0.097,-42.0,-4.77,54.1,80.8,66.0,28.8,30.6,30.3,22.7,38.0,24.3,83.3,125.3,,,,,,,,,,,,,65.5,15.0,37.7,,,,,,,,,,,,,,,,,,,,,,,,,,,,-21.0,0.009,42.1,57.9
2025,Missouri,10,22,184,0.647,24.0,9.49,83.6,73.6,73.0,36.7,41.4,47.1,33.5,32.3,15.5,124.8,100.8,,,,,,,,,,,,,69.1,20.1,33.6,,,,,,,,,,,,,,,,,,,,,,,,,,,,3.2,0.9214,55.8,50.9
2025,Missouri State,2,9,185,0.281,-3.7,0.52,68.0,70.9,65.60000000000001,36.0,37.0,34.3,32.0,28.4,20.7,102.2,105.9,,,,,,,,,,,,,64.5,19.1,36.1,,,,,,,,,,,,,,,,,,,,,,,,,,,,-16.9,0.3979,50.9,54.7
2025,Monmouth,10,13,186,0.394,-8.4,-3.11,70.3,75.4,74.2,35.2,34.6,36.7,29.8,34.8,16.2,103.3,111.7,,,,,,,,,,,,,67.9,16.6,33.8,,,,,,,,,,,,,,,,,,,,,,,,,,,,-14.4,0.2874,47.2,50.7
2025,Montana,15,25,187,0.714,1.7,-1.6,76.6,73.3,73.6,36.3,36.8,35.6,22.5,29.0,16.1,110.8,109.1,,,,,,,,,,,,,67.8,15.5,33.6,,,,,,,,,,,,,,,,,,,,,,,,,,,,-3.0,0.543,56.0,52.5
2025,Montana State,9,15,188,0.455,-1.9,-2.71,71.3,69.6,72.5,34.3,43.0,31.9,20.7,29.4,15.1,104.8,106.7,,,,,,,,,,,,,66.7,15.3,29.8,,,,,,,,,,,,,,,,,,,,,,,,,,,,-11.9,0.4497,52.8,48.8
2025,Morehead State,10,15,189,0.469,-12.7,-7.52,66.1,68.7,67.5,31.2,34.1,37.6,31.2,25.4,18.4,98.4,111.1,,,,,,,,,,,,,64.8,14.4,34.1,,,,,,,,,,,,,,,,,,,,,,,,,,,,-13.1,0.1981,45.9,50.3
2025,Morgan State,7,14,190,0.438,-17.1,-8.55,80.0,80.8,72.8,31.6,21.7,35.7,34.1,36.9,17.9,100.6,117.7,,,,,,,,,,,,,71.1,17.0,36.8,,,,,,,,,,,,,,,,,,,,,,,,,,,,-14.4,0.1411,49.0,52.4
2025,Mount St. Mary's,12,23,191,0.639,-7.9,-6.48,70.1,70.5,73.6,34.5,41.1,30.5,30.5,27.9,21.4,99.6,107.5,,,,,,,,,,,,,68.2,15.6,31.8,,,,,,,,,,,,,,,,,,,,,,,,,,,,-8.1,0.295,50.9,48.7
2025,Murray State,9,16,192,0.485,0.7,0.4,71.8,69.2,72.2,33.6,40.1,41.2,29.1,26.4,16.9,105.5,104.8,,,,,,,,,,,,,65.4,17.3,32.1,,,,,,,,,,,,,,,,,,,,,,,,,,,,-10.1,0.5175,49.3,51.2
2025,Navy,10,15,193,0.441,-10.8,-8.78,70.8,70.4,73.2,33.3,37.1,33.8,31.3,27.2,16.1,101.2,112.0,,,,,,,,,,,,,67.7,17.8,34.9,,,,,,,,,,,,,,,,,,,,,,,,,,,,-16.2,0.2384,48.0,52.5
2025,North Carolina State,5,12,194,0.387,5.2,6.36,69.6,70.4,72.6,32.2,36.2,32.3,28.8,32.5,14.4,107.9,102.7,,,,,,,,,,,,,65.9,18.6,34.3,,,,,,,,,,,,,,,,,,,,,,,,,,,,-8.9,0.6374,48.3,51.0
2025,Nebraska,7,21,195,0.6,13.9,10.46,76.0,72.6,74.9,32.5,38.6,36.0,26.7,28.6,16.3,112.1,98.2,,,,,,,,,,,,,68.5,17.7,34.0,,,,,,,,,,,,,,,,,,,,,,,,,,,,-0.9,0.8203,51.7,50.9
2025,Nevada,8,17,196,0.515,8.4,5.25,72.3,68.1,70.3,34.1,37.5,37.3,27.4,26.5,15.5,112.1,103.7,,,,,,,,,,,,,64.6,18.7,35.7,,,,,,,,,,,,,,,,,,,,,,,,,,,,-6.5,0.7108,53.7,51.3
2025,Nevada-Las Vegas,11,18,197,0.545,6.65,5.53,69.2,68.1,71.7,33.300000000000004,19.1,19.8,9.3,24.6,10.7,70.9,66.4,,,,,,,,,,,,,,,,,,,,,,,,,,,,,,,,,,,,,,,,,,,,,,
2025,New Hampshire,6,8,198,0.25,-21.6,-7.47,66.4,76.6,65.9,31.7,40.8,26.4,27.4,31.6,19.0,93.4,115.0,,,,,,,,,,,,,68.4,16.9,34.1,,,,,,,,,,,,,,,,,,,,,,,,,,,,-20.3,0.0835,47.1,54.4
2025,New Mexico,17,27,199,0.771,17.0,6.52,80.5,70.6,68.89999999999999,34.0,31.7,37.3,31.3,25.8,15.7,112.4,95.4,,,,,,,,,,,,,73.4,20.3,33.8,,,,,,,,,,,,,,,,,,,,,,,,,,,,2.7,0.8683,50.8,49.2
2025,New Mexico State,10,17,200,0.531,4.8,0.41,69.7,65.9,67.5,30.9,37.0,34.5,32.5,27.7,15.6,104.9,100.1,,,,,,,,,,,,,65.5,15.0,29.5,,,,,,,,,,,,,,,,,,,,,,,,,,,,-8.4,0.6322,46.2,46.9
2025,New Orleans,2,4,201,0.129,-17.1,-0.61,67.9,82.5,66.9,30.4,30.7,33.9,31.6,35.5,18.8,99.4,116.5,,,,,,,,,,,,,69.9,16.1,36.4,,,,,,,,,,,,,,,,,,,,,,,,,,,,-19.4,0.1385,45.9,54.9
2025,Niagara,6,11,202,0.355,-14.2,-8.56,68.5,71.4,73.9,34.9,42.8,30.4,23.6,27.3,18.6,100.9,115.1,,,,,,,,,,,,,65.6,16.8,36.7,,,,,,,,,,,,,,,,,,,,,,,,,,,,-16.7,0.1809,52.0,53.0
2025,Nicholls State,13,20,203,0.606,0.5,-2.46,74.0,69.6,68.5,35.0,36.8,33.1,30.6,31.5,15.3,106.1,105.6,,,,,,,,,,,,,68.8,16.7,30.1,,,,,,,,,,,,,,,,,,,,,,,,,,,,-7.0,0.5118,48.1,48.1
2025,NJIT,3,6,204,0.194,-19.6,-7.85,65.3,73.2,73.1,30.5,37.8,27.4,27.7,31.8,18.0,93.3,112.9,,,,,,,,,,,,,67.0,13.8,31.0,,,,,,,,,,,,,,,,,,,,,,,,,,,,-21.5,0.1009,45.3,50.0
2025,Norfolk State,11,24,205,0.686,-2.3,-6.65,77.0,69.7,75.7,30.8,27.6,38.4,33.1,34.6,18.3,106.9,109.2,,,,,,,,,,,,,67.0,18.6,33.8,,,,,,,,,,,,,,,,,,,,,,,,,,,,-5.3,0.4394,52.2,50.0
2025,North Alabama,14,24,206,0.686,3.6,-5.5,78.7,70.6,70.89999999999999,34.6,34.5,31.0,33.4,28.8,12.8,110.4,106.8,,,,,,,,,,,,,67.4,16.6,32.5,,,,,,,,,,,,,,,,,,,,,,,,,,,,-5.8,0.5942,51.3,50.4
2025,North Carolina,13,23,207,0.622,18.6,11.22,80.7,74.7,74.1,35.6,37.2,34.8,29.1,26.9,15.1,118.3,99.7,,,,,,,,,,,,,71.3,15.3,33.5,,,,,,,,,,,,,,,,,,,,,,,,,,,,1.4,0.8772,54.1,49.5
2025,North Carolina A&T,3,7,208,0.219,-15.8,-4.31,69.2,76.2,68.60000000000001,30.0,36.0,31.2,27.0,31.4,15.4,97.2,113.0,,,,,,,,,,,,,70.0,15.3,33.3,,,,,,,,,,,,,,,,,,,,,,,,,,,,-20.1,0.1499,45.8,51.5
2025,North Carolina Central,6,14,209,0.424,-13.9,-8.05,78.8,75.8,69.6,33.7,34.0,39.8,34.6,38.8,19.2,102.5,116.4,,,,,,,,,,,,,67.7,21.0,32.7,,,,,,,,,,,,,,,,,,,,,,,,,,,,-15.3,0.1874,50.1,54.8
2025,North Dakota,5,12,210,0.364,-7.0,-1.49,77.3,79.5,70.8,32.5,40.0,33.6,33.7,28.7,16.6,107.9,114.9,,,,,,,,,,,,,69.7,15.0,37.1,,,,,,,,,,,,,,,,,,,,,,,,,,,,-15.1,0.3275,49.7,56.5
2025,North Dakota State,10,21,211,0.656,5.6,-3.58,81.1,74.6,77.5,39.8,53.6,32.6,26.2,29.0,15.6,116.3,110.7,,,,,,,,,,,,,65.8,11.1,34.3,,,,,,,,,,,,,,,,,,,,,,,,,,,,-6.4,0.6396,58.2,51.4
2025,North Florida,8,15,212,0.469,-9.0,-3.74,82.8,84.8,68.5,35.0,54.0,24.8,27.9,34.2,15.0,108.3,117.3,,,,,,,,,,,,,72.9,14.7,35.5,,,,,,,,,,,,,,,,,,,,,,,,,,,,-11.5,0.2854,53.2,54.1
2025,North Texas,14,27,213,0.75,11.3,0.84,68.0,60.1,77.0,36.1,36.4,35.3,32.7,28.1,16.7,109.7,98.4,,,,,,,,,,,,,61.3,19.6,30.8,,,,,,,,,,,,,,,,,,,,,,,,,,,,-1.7,0.7769,51.1,47.3
2025,Northeastern,9,17,214,0.531,-2.4,-5.08,70.1,69.7,68.7,33.7,34.8,28.0,31.4,31.4,18.6,103.9,106.3,,,,,,,,,,,,,68.2,18.2,34.9,,,,,,,,,,,,,,,,,,,,,,,,,,,,-11.0,0.4357,51.1,50.3
2025,Northern Arizona,8,18,215,0.529,-7.0,-5.73,75.9,71.6,66.0,34.4,37.8,28.5,31.9,24.4,15.2,104.3,111.3,,,,,,,,,,,,,67.3,15.0,36.7,,,,,,,,,,,,,,,,,,,,,,,,,,,,-11.5,0.3222,50.3,53.7
2025,Northern Colorado,15,25,216,0.714,4.3,-3.84,80.6,72.7,72.39999999999999,37.0,37.5,33.0,25.8,22.4,15.9,111.9,107.6,,,,,,,,,,,,,69.4,15.4,35.4,,,,,,,,,,,,,,,,,,,,,,,,,,,,-4.1,0.6085,57.0,52.3
2025,Northern Illinois,2,6,217,0.194,-18.3,-4.52,70.9,76.9,70.5,32.7,49.2,31.6,17.8,30.8,16.3,93.8,112.1,,,,,,,,,,,,,69.6,16.6,38.0,,,,,,,,,,,,,,,,,,,,,,,,,,,,-20.8,0.1143,47.1,53.2
2025,Northern Iowa,14,20,218,0.606,5.5,0.46,73.3,67.4,69.5,36.8,36.3,35.1,24.9,25.3,15.9,109.1,103.6,,,,,,,,,,,,,65.9,17.4,35.6,,,,,,,,,,,,,,,,,,,,,,,,,,,,-6.2,0.6459,55.2,51.4
2025,Northern Kentucky,11,17,219,0.515,-6.6,-3.14,71.8,72.0,66.9,33.0,40.0,31.3,31.0,32.5,17.3,101.6,108.2,,,,,,,,,,,,,66.7,19.9,37.0,,,,,,,,,,,,,,,,,,,,,,,,,,,,-10.9,0.3266,49.8,52.5
2025,Northwestern,7,17,220,0.515,15.0,11.13,72.4,69.2,73.3,33.3,34.2,31.3,31.2,30.1,14.9,112.9,97.9,,,,,,,,,,,,,65.7,19.8,33.8,,,,,,,,,,,,,,,,,,,,,,,,,,,,-2.2,0.8377,49.8,49.9
2025,Northwestern State,12,16,221,0.5,-4.3,-1.44,67.1,68.9,71.5,35.2,35.7,32.2,33.1,32.6,20.2,102.5,106.8,,,,,,,,,,,,,64.5,17.4,36.2,,,,,,,,,,,,,,,,,,,,,,,,,,,,-9.2,0.3829,48.7,49.8
2025,Notre Dame,8,15,222,0.455,7.1,6.92,72.6,72.5,74.0,35.5,37.5,31.8,29.6,26.0,16.5,111.1,104.0,,,,,,,,,,,,,65.4,14.9,32.1,,,,,,,,,,,,,,,,,,,,,,,,,,,,-7.1,0.6818,51.7,51.4
2025,Oakland,11,16,223,0.471,-1.8,-0.95,70.6,71.6,69.89999999999999,30.6,42.3,31.7,34.1,32.6,18.0,106.2,108.0,,,,,,,,,,,,,64.3,16.2,35.9,,,,,,,,,,,,,,,,,,,,,,,,,,,,-10.8,0.4515,50.1,51.4
2025,Ohio,10,16,224,0.5,-1.1,-4.37,79.8,76.5,76.1,35.0,40.1,33.5,23.9,29.0,14.9,106.7,107.8,,,,,,,,,,,,,71.0,17.8,37.6,,,,,,,,,,,,,,,,,,,,,,,,,,,,-11.6,0.471,53.4,52.3
2025,Ohio State,9,17,225,0.531,17.86,12.58,78.8,73.5,74.8,36.8,22.2,21.1,9.5,24.1,10.9,82.6,69.7,,,,,,,,,,,,,,,,,,,,,,,,,,,,,,,,,,,,,,,,,,,,,,
2025,Oklahoma,6,20,226,0.588,15.8,11.22,78.3,74.6,79.5,36.5,41.6,39.9,26.6,31.8,17.3,116.8,101.0,,,,,,,,,,,,,69.2,18.2,30.3,,,,,,,,,,,,,,,,,,,,,,,,,,,,2.2,0.8426,54.4,51.0
2025,Oklahoma State,7,17,227,0.486,7.7,10.18,73.0,76.3,71.7,33.1,34.7,41.0,31.1,29.6,19.0,107.7,100.0,,,,,,,,,,,,,72.3,20.3,35.3,,,,,,,,,,,,,,,,,,,,,,,,,,,,-3.4,0.7005,48.6,53.0
2025,Old Dominion,8,15,228,0.429,-11.3,-4.25,67.9,71.5,71.7,28.3,35.8,30.9,36.4,32.0,16.9,99.5,110.8,,,,,,,,,,,,,66.7,16.0,34.1,,,,,,,,,,,,,,,,,,,,,,,,,,,,-15.2,0.2241,44.1,51.2
2025,Omaha,13,22,229,0.629,-1.61,-2.43,77.3,75.3,72.2,35.6,23.1,21.3,10.3,25.5,10.8,76.6,76.0,,,,,,,,,,,,,,,,,,,,,,,,,,,,,,,,,,,,,,,,,,,,,,
2025,Oral Roberts,3,7,230,0.233,-12.3,-0.78,73.3,78.5,75.3,34.4,45.7,35.0,22.6,33.1,16.3,104.2,116.5,,,,,,,,,,,,,67.9,13.9,35.0,,,,,,,,,,,,,,,,,,,,,,,,,,,,-16.2,0.2181,50.0,55.0
2025,Oregon,12,25,231,0.714,19.8,12.32,76.5,70.9,75.7,34.4,38.3,33.0,30.5,29.1,16.2,116.1,96.3,,,,,,,,,,,,,68.6,17.5,31.7,,,,,,,,,,,,,,,,,,,,,,,,,,,,5.8,0.8966,52.5,48.9
2025,Oregon State,10,20,232,0.606,8.9,2.24,76.2,69.0,78.60000000000001,36.1,35.8,38.7,32.0,27.7,16.7,115.4,106.5,,,,,,,,,,,,,64.5,16.4,34.8,,,,,,,,,,,,,,,,,,,,,,,,,,,,-4.2,0.7155,54.5,51.0
2025,Pacific,4,9,233,0.273,-9.8,2.09,69.5,75.8,72.5,29.7,37.8,32.8,28.8,28.2,19.3,100.9,110.7,,,,,,,,,,,,,67.2,15.4,35.8,,,,,,,,,,,,,,,,,,,,,,,,,,,,-15.6,0.2551,48.1,53.2
2025,Penn State,6,16,234,0.516,13.57,7.7,79.1,73.2,75.6,34.300000000000004,20.9,21.9,9.4,24.3,12.4,81.4,70.9,,,,,,,,,,,,,,,,,,,,,,,,,,,,,,,,,,,,,,,,,,,,,,
2025,Pennsylvania,4,8,235,0.296,-10.56,-2.74,69.6,77.4,69.69999999999999,32.6,25.9,16.9,9.7,24.7,11.1,68.8,78.2,,,,,,,,,,,,,,,,,,,,,,,,,,,,,,,,,,,,,,,,,,,,,,
2025,Pepperdine,4,13,236,0.371,-3.2,2.56,73.1,76.6,71.6,34.0,34.7,31.6,27.7,30.0,16.1,106.0,109.2,,,,,,,,,,,,,69.8,15.3,34.2,,,,,,,,,,,,,,,,,,,,,,,,,,,,-12.4,0.4166,49.6,52.5
2025,Pittsburgh,8,17,237,0.531,12.4,8.24,75.9,70.8,78.2,34.6,41.4,34.2,29.0,29.9,14.8,114.7,102.3,,,,,,,,,,,,,67.2,18.3,34.7,,,,,,,,,,,,,,,,,,,,,,,,,,,,-3.8,0.7878,52.2,51.1
2025,Portland,7,12,238,0.375,-8.7,2.17,72.9,80.4,77.7,33.7,43.6,32.2,23.9,29.9,18.0,104.9,113.6,,,,,,,,,,,,,69.0,13.2,37.8,,,,,,,,,,,,,,,,,,,,,,,,,,,,-12.5,0.2858,50.1,54.6
2025,Portland State,11,19,239,0.594,-2.7,-5.27,75.6,69.6,63.0,32.0,31.7,34.3,33.4,30.4,18.4,101.1,103.8,,,,,,,,,,,,,68.9,19.6,31.7,,,,,,,,,,,,,,,,,,,,,,,,,,,,-9.3,0.424,50.5,50.0
2025,Prairie View,4,5,240,0.156,-20.0,-7.3,71.4,82.4,69.1,31.5,33.7,33.8,24.5,39.1,16.7,97.4,117.4,,,,,,,,,,,,,71.0,20.0,35.7,,,,,,,,,,,,,,,,,,,,,,,,,,,,-21.2,0.1046,48.2,56.2
2025,Presbyterian,7,14,241,0.424,-8.0,-4.35,74.2,70.9,69.8,36.0,33.9,31.1,29.4,31.1,16.2,103.0,111.0,,,,,,,,,,,,,65.2,17.8,34.3,,,,,,,,,,,,,,,,,,,,,,,,,,,,-13.8,0.2984,51.1,52.9
2025,Princeton,8,19,242,0.633,-2.9,-2.49,73.6,72.1,71.0,35.3,48.7,24.6,26.2,24.2,15.2,104.2,107.1,,,,,,,,,,,,,67.4,17.3,35.5,,,,,,,,,,,,,,,,,,,,,,,,,,,,-6.2,0.4236,51.5,53.4
2025,Providence,6,12,243,0.375,6.0,8.33,71.3,72.5,68.60000000000001,35.6,45.5,29.6,33.2,28.7,19.0,110.6,104.6,,,,,,,,,,,,,66.9,13.8,33.5,,,,,,,,,,,,,,,,,,,,,,,,,,,,-8.5,0.6538,52.1,49.5
2025,Purdue,13,24,244,0.667,26.2,13.91,77.2,70.4,73.2,38.2,38.4,34.6,31.8,29.7,15.7,124.8,98.6,,,,,,,,,,,,,65.7,17.5,31.2,,,,,,,,,,,,,,,,,,,,,,,,,,,,4.9,0.9378,55.9,51.8
2025,Purdue Fort Wayne,12,19,245,0.594,0.3,-4.06,80.7,74.6,75.0,37.1,45.6,29.1,22.0,32.8,13.8,109.1,108.8,,,,,,,,,,,,,70.3,20.1,32.6,,,,,,,,,,,,,,,,,,,,,,,,,,,,-8.2,0.5076,54.7,53.3
2025,Queens,11,20,246,0.571,-4.1,-4.95,76.7,74.6,68.60000000000001,35.1,43.6,34.2,31.2,29.3,18.2,105.9,110.0,,,,,,,,,,,,,69.1,15.9,34.9,,,,,,,,,,,,,,,,,,,,,,,,,,,,-8.7,0.392,52.8,52.1
2025,Quinnipiac,15,20,247,0.606,-3.6,-7.72,73.9,71.5,76.3,29.8,38.0,31.1,33.5,26.0,17.9,101.7,105.3,,,,,,,,,,,,,72.2,17.1,36.1,,,,,,,,,,,,,,,,,,,,,,,,,,,,-9.2,0.4014,48.4,49.5
2025,Radford,9,20,248,0.606,0.0,-3.43,74.0,70.1,76.3,35.6,36.3,41.3,33.8,30.0,17.7,109.4,109.4,,,,,,,,,,,,,63.7,16.5,35.8,,,,,,,,,,,,,,,,,,,,,,,,,,,,-7.2,0.499,51.1,51.0
2025,Rhode Island,7,18,249,0.581,0.4,-0.91,78.0,75.1,69.39999999999999,34.6,37.7,41.1,28.3,28.6,17.9,107.2,106.8,,,,,,,,,,,,,71.1,16.0,31.5,,,,,,,,,,,,,,,,,,,,,,,,,,,,-7.9,0.5105,52.8,49.3
2025,Rice,4,13,250,0.406,-1.8,-2.12,70.3,70.3,68.10000000000001,33.2,38.8,43.3,33.7,29.6,17.8,105.7,107.5,,,,,,,,,,,,,66.1,14.0,32.1,,,,,,,,,,,,,,,,,,,,,,,,,,,,-13.0,0.4516,48.6,47.8
2025,Richmond,5,10,251,0.313,-5.6,1.45,66.8,71.9,79.2,31.2,45.6,29.7,19.3,27.7,15.4,103.0,108.6,,,,,,,,,,,,,64.5,15.8,35.4,,,,,,,,,,,,,,,,,,,,,,,,,,,,-15.0,0.3526,48.4,52.7
2025,Rider,9,14,252,0.424,-13.2,-7.24,67.0,71.8,72.2,31.2,30.1,29.6,32.2,30.7,17.2,101.3,114.5,,,,,,,,,,,,,65.6,16.0,35.7,,,,,,,,,,,,,,,,,,,,,,,,,,,,-14.6,0.1951,47.7,53.1
2025,Robert Morris,15,26,253,0.743,0.7,-4.92,77.0,71.0,72.1,34.6,36.7,37.6,35.2,28.1,18.2,105.3,104.6,,,,,,,,,,,,,68.7,18.7,34.0,,,,,,,,,,,,,,,,,,,,,,,,,,,,-4.0,0.5189,51.2,50.7
2025,Rutgers,8,15,254,0.469,11.8,10.94,77.0,77.6,71.8,32.9,36.3,36.2,30.8,32.2,15.4,115.6,103.8,,,,,,,,,,,,,69.4,17.4,35.1,,,,,,,,,,,,,,,,,,,,,,,,,,,,-3.0,0.7755,50.6,52.8
2025,Sacramento State,3,7,255,0.219,-18.4,-4.06,66.2,70.5,67.5,31.2,44.9,31.3,27.4,27.6,20.3,94.8,113.2,,,,,,,,,,,,,66.1,17.1,36.6,,,,,,,,,,,,,,,,,,,,,,,,,,,,-20.8,0.1146,48.0,55.1
2025,Sacred Heart,10,15,256,0.455,-6.6,-8.41,75.8,75.2,73.1,34.5,44.6,26.3,31.4,29.9,17.7,105.1,111.7,,,,,,,,,,,,,71.0,17.6,35.4,,,,,,,,,,,,,,,,,,,,,,,,,,,,-14.6,0.3322,51.0,51.8
2025,Saint Francis,8,16,257,0.471,-11.9,-7.41,71.0,71.6,72.7,33.8,42.0,24.0,25.0,29.9,19.7,100.0,111.9,,,,,,,,,,,,,67.9,16.2,32.2,,,,,,,,,,,,,,,,,,,,,,,,,,,,-12.1,0.2157,51.8,51.2
2025,Saint Joseph's,11,22,258,0.629,8.8,0.85,75.1,68.6,74.6,33.5,46.5,31.7,30.3,27.9,16.4,109.4,100.6,,,,,,,,,,,,,68.8,16.2,33.4,,,,,,,,,,,,,,,,,,,,,,,,,,,,-4.8,0.7243,51.6,46.9
2025,Saint Louis,11,19,259,0.559,3.7,2.04,74.3,71.3,68.60000000000001,35.1,50.1,30.0,23.4,28.0,18.6,108.6,104.9,,,,,,,,,,,,,68.1,14.3,33.7,,,,,,,,,,,,,,,,,,,,,,,,,,,,-6.5,0.5995,56.3,49.2
2025,Saint Mary's,17,29,260,0.829,21.1,6.46,72.9,61.1,69.5,32.2,33.2,31.1,39.9,24.6,14.9,114.4,93.3,,,,,,,,,,,,,62.3,16.3,31.5,,,,,,,,,,,,,,,,,,,,,,,,,,,,4.4,0.9127,50.2,46.5
2025,Saint Peter's,7,12,261,0.429,-10.2,-8.45,66.0,65.8,73.8,32.2,38.5,34.7,37.0,31.0,20.7,95.1,105.3,,,,,,,,,,,,,64.5,17.6,31.9,,,,,,,,,,,,,,,,,,,,,,,,,,,,-13.3,0.2376,44.7,47.3
2025,Sam Houston,6,13,262,0.406,-0.2,1.31,75.3,76.0,72.5,38.3,38.6,36.3,30.3,32.2,18.3,110.7,110.9,,,,,,,,,,,,,68.5,17.2,36.2,,,,,,,,,,,,,,,,,,,,,,,,,,,,-11.7,0.4941,51.0,53.1
2025,Samford,12,22,263,0.667,2.7,-3.58,82.9,75.5,72.2,36.9,47.1,29.4,34.7,33.5,18.6,111.2,108.5,,,,,,,,,,,,,71.6,21.6,35.0,,,,,,,,,,,,,,,,,,,,,,,,,,,,-4.8,0.5719,54.6,53.4
2025,San Diego,2,6,264,0.182,-10.9,1.63,70.1,79.7,75.2,29.7,35.8,30.5,29.9,31.6,18.4,99.2,110.1,,,,,,,,,,,,,71.7,18.5,38.5,,,,,,,,,,,,,,,,,,,,,,,,,,,,-19.5,0.2318,45.7,54.0
2025,San Diego State,14,21,265,0.677,13.6,8.14,70.8,64.6,66.4,32.6,39.6,32.3,29.2,31.0,16.8,108.6,95.0,,,,,,,,,,,,,66.6,19.5,31.2,,,,,,,,,,,,,,,,,,,,,,,,,,,,1.0,0.8227,50.5,45.9
2025,San Francisco,13,25,266,0.714,12.4,3.87,76.0,69.1,71.1,34.1,43.7,34.7,29.0,27.7,16.7,111.1,98.7,,,,,,,,,,,,,68.6,17.8,27.9,,,,,,,,,,,,,,,,,,,,,,,,,,,,0.13,0.7968,52.8,48.5
2025,San Jose State,7,15,267,0.429,0.3,4.05,72.1,73.4,74.5,35.3,40.8,31.8,26.8,32.1,17.2,107.2,106.9,,,,,,,,,,,,,67.0,16.7,31.9,,,,,,,,,,,,,,,,,,,,,,,,,,,,-10.3,0.5073,50.3,52.0
2025,Santa Clara,12,21,268,0.618,15.4,4.25,81.9,73.0,72.7,38.2,46.4,28.4,32.7,26.7,16.7,115.9,100.5,,,,,,,,,,,,,69.7,16.6,31.3,,,,,,,,,,,,,,,,,,,,,,,,,,,,-3.3,0.8384,56.0,49.5
2025,Seattle,8,14,269,0.438,1.7,-1.35,70.4,66.4,71.39999999999999,31.3,36.3,42.3,29.9,27.0,17.0,103.8,102.1,,,,,,,,,,,,,66.7,20.9,31.9,,,,,,,,,,,,,,,,,,,,,,,,,,,,-12.1,0.5457,46.5,51.2
2025,Seton Hall,2,7,270,0.219,-3.8,8.36,61.6,70.2,66.3,31.2,30.5,32.9,31.2,31.8,19.1,97.7,101.5,,,,,,,,,,,,,65.1,22.2,36.6,,,,,,,,,,,,,,,,,,,,,,,,,,,,-13.2,0.3922,44.7,54.6
2025,Siena,9,14,271,0.438,-8.8,-7.58,72.2,72.1,74.3,32.8,39.9,37.3,28.8,30.0,17.2,101.5,110.3,,,,,,,,,,,,,67.7,18.2,34.3,,,,,,,,,,,,,,,,,,,,,,,,,,,,-14.5,0.2768,49.4,51.7
2025,South Alabama,13,21,272,0.656,3.5,-4.12,72.9,64.6,70.39999999999999,31.7,45.6,33.6,28.3,32.2,14.6,106.4,102.9,,,,,,,,,,,,,63.8,20.6,33.1,,,,,,,,,,,,,,,,,,,,,,,,,,,,-6.2,0.5946,50.8,48.5
2025,South Carolina,2,12,273,0.375,10.1,11.55,69.8,71.4,71.5,31.6,39.0,43.3,30.4,27.3,18.4,109.5,99.4,,,,,,,,,,,,,66.1,15.6,34.8,,,,,,,,,,,,,,,,,,,,,,,,,,,,-5.5,0.7521,48.9,51.5
2025,South Carolina State,11,20,274,0.606,5.2,-9.05,79.5,70.4,70.89999999999999,32.2,36.2,32.3,28.8,32.5,14.4,107.9,102.7,,,,,,,,,,,,,65.9,18.6,34.3,,,,,,,,,,,,,,,,,,,,,,,,,,,,-8.9,0.6374,48.3,51.0
2025,South Carolina Upstate,2,6,275,0.188,5.2,-2.7,74.8,83.5,67.5,32.2,36.2,32.3,28.8,32.5,14.4,107.9,102.7,,,,,,,,,,,,,65.9,18.6,34.3,,,,,,,,,,,,,,,,,,,,,,,,,,,,-8.9,0.6374,48.3,51.0
2025,South Dakota,9,19,276,0.576,-5.9,-3.49,85.2,83.7,71.39999999999999,31.6,37.5,45.4,30.0,35.7,12.6,109.2,115.1,,,,,,,,,,,,,75.2,17.3,35.9,,,,,,,,,,,,,,,,,,,,,,,,,,,,-8.8,0.3518,50.1,54.8
2025,South Dakota State,11,20,277,0.625,4.1,-1.82,79.6,73.5,74.7,34.8,40.0,31.2,33.6,21.4,17.6,110.1,106.0,,,,,,,,,,,,,69.8,12.7,32.9,,,,,,,,,,,,,,,,,,,,,,,,,,,,-6.1,0.6079,53.6,50.9
2025,South Florida,6,13,278,0.406,-3.5,-0.18,74.4,74.5,72.0,31.6,37.6,34.9,27.7,33.2,16.2,102.8,106.3,,,,,,,,,,,,,69.0,18.3,33.3,,,,,,,,,,,,,,,,,,,,,,,,,,,,-12.4,0.4068,49.7,49.7
2025,Southeast Missouri State,15,21,279,0.636,-3.7,-7.8,74.0,67.0,72.2,34.5,36.0,28.9,24.0,28.7,15.4,101.2,104.9,,,,,,,,,,,,,69.6,19.0,30.0,,,,,,,,,,,,,,,,,,,,,,,,,,,,-8.6,0.399,51.3,47.6
2025,Southeastern Louisiana,12,18,280,0.563,-3.1,-4.67,72.6,69.8,74.9,32.4,31.6,34.7,30.9,29.4,17.4,103.8,106.9,,,,,,,,,,,,,67.6,18.8,33.7,,,,,,,,,,,,,,,,,,,,,,,,,,,,-9.1,0.4173,49.2,51.4
2025,Southern,15,20,281,0.625,-3.8,-7.9,74.8,68.2,66.9,31.2,33.3,38.1,34.4,28.5,18.5,98.7,102.5,,,,,,,,,,,,,69.1,21.1,33.8,,,,,,,,,,,,,,,,,,,,,,,,,,,,-7.0,0.393,47.2,49.2
2025,Southern California,7,17,282,0.486,14.9,10.86,76.7,74.6,74.1,37.1,34.6,36.3,28.0,30.3,17.8,116.4,101.5,,,,,,,,,,,,,69.1,17.8,32.9,,,,,,,,,,,,,,,,,,,,,,,,,,,,-3.2,0.8281,55.1,52.0
2025,Southern Illinois,8,14,283,0.424,-1.5,1.07,72.9,74.5,67.60000000000001,35.1,33.6,34.2,30.3,28.0,18.3,105.9,107.4,,,,,,,,,,,,,68.6,15.2,36.1,,,,,,,,,,,,,,,,,,,,,,,,,,,,-12.5,0.4584,51.6,52.6
2025,SIU Edwardsville,13,22,284,0.647,-4.9,-7.44,71.6,66.5,67.0,33.1,36.6,33.1,31.3,29.7,17.2,100.6,105.5,,,,,,,,,,,,,66.7,17.1,33.1,,,,,,,,,,,,,,,,,,,,,,,,,,,,-7.7,0.3666,48.5,47.6
2025,Southern Indiana,5,10,285,0.333,-15.6,-8.4,71.5,73.5,73.1,35.2,33.5,30.7,27.9,31.3,17.2,98.7,114.3,,,,,,,,,,,,,67.7,16.7,36.7,,,,,,,,,,,,,,,,,,,,,,,,,,,,-17.4,0.1555,47.9,51.8
2025,Southern Methodist,13,24,286,0.686,15.2,5.72,79.9,71.3,71.39999999999999,37.8,35.1,36.7,36.3,29.9,17.2,116.2,101.0,,,,,,,,,,,,,69.7,17.9,33.1,,,,,,,,,,,,,,,,,,,,,,,,,,,,-0.48,0.8328,54.5,48.1
2025,Southern Mississippi,5,11,287,0.333,19.7,-3.33,71.3,76.0,69.19999999999999,31.4,42.7,31.5,33.9,29.9,15.3,118.4,98.7,,,,,,,,,,,,,68.7,18.9,35.8,,,,,,,,,,,,,,,,,,,,,,,,,,,,3.1,0.8893,51.9,51.8
2025,Southern Utah,4,12,288,0.387,-12.1,-2.13,69.8,73.7,72.89999999999999,30.5,32.6,36.2,30.1,32.0,21.6,97.1,109.2,,,,,,,,,,,,,69.7,15.1,33.3,,,,,,,,,,,,,,,,,,,,,,,,,,,,-13.5,0.2054,46.8,49.9
2025,St. Bonaventure,9,22,289,0.647,7.4,0.07,68.6,65.2,72.89999999999999,31.3,35.2,30.6,27.6,27.0,15.9,106.4,99.0,,,,,,,,,,,,,65.2,18.9,32.7,,,,,,,,,,,,,,,,,,,,,,,,,,,,-4.2,0.6956,49.9,50.0
2025,St. John's,18,31,290,0.861,22.7,8.56,78.5,65.8,69.1,30.1,31.0,30.3,37.9,29.8,15.3,112.7,90.0,,,,,,,,,,,,,70.5,21.4,30.6,,,,,,,,,,,,,,,,,,,,,,,,,,,,7.8,0.9295,49.2,45.9
2025,St. Thomas,12,24,291,0.706,5.6,-4.51,83.1,74.8,78.0,38.3,46.8,34.0,21.5,31.2,13.7,114.3,108.7,,,,,,,,,,,,,68.6,18.5,35.4,,,,,,,,,,,,,,,,,,,,,,,,,,,,-5.2,0.6401,57.8,52.5
2025,Stanford,11,21,292,0.6,10.3,6.07,73.5,70.7,78.9,34.2,41.7,29.9,30.9,28.4,15.6,112.9,102.6,,,,,,,,,,,,,66.8,17.4,33.4,,,,,,,,,,,,,,,,,,,,,,,,,,,,-2.7,0.7494,50.7,50.5
2025,Stephen F. Austin,7,14,293,0.452,-8.5,-3.29,66.6,68.3,63.3,28.7,36.9,32.3,34.6,33.1,22.2,95.0,103.5,,,,,,,,,,,,,68.0,20.2,34.4,,,,,,,,,,,,,,,,,,,,,,,,,,,,-11.7,0.2715,46.7,49.2
2025,Stetson,6,8,294,0.25,-20.6,-4.7,71.7,81.5,73.5,33.5,37.7,33.1,24.1,34.3,18.7,98.9,119.5,,,,,,,,,,,,,68.3,13.1,35.9,,,,,,,,,,,,,,,,,,,,,,,,,,,,-19.5,0.1016,50.2,53.1
2025,Stonehill,7,15,295,0.469,-13.4,-9.55,68.7,70.1,72.39999999999999,35.4,44.5,31.4,26.4,29.4,18.3,100.5,113.9,,,,,,,,,,,,,65.9,16.2,34.9,,,,,,,,,,,,,,,,,,,,,,,,,,,,-13.7,0.1918,51.1,50.9
2025,Stony Brook,4,8,296,0.25,-16.6,-4.42,66.5,74.1,74.6,33.8,39.0,31.6,29.5,31.2,18.3,101.0,117.6,,,,,,,,,,,,,65.2,14.9,36.3,,,,,,,,,,,,,,,,,,,,,,,,,,,,-19.5,0.1472,47.7,56.0
2025,Syracuse,7,14,297,0.424,4.4,8.04,74.7,77.8,70.5,32.8,32.7,33.1,31.4,26.1,17.9,110.0,105.6,,,,,,,,,,,,,68.9,14.0,34.5,,,,,,,,,,,,,,,,,,,,,,,,,,,,-7.8,0.6157,51.0,52.9
2025,Tarleton State,7,12,298,0.375,-10.1,-0.31,63.3,69.6,73.3,32.2,25.6,41.5,28.1,33.9,25.1,93.0,103.1,,,,,,,,,,,,,66.3,23.3,33.9,,,,,,,,,,,,,,,,,,,,,,,,,,,,-13.3,0.2322,45.9,52.1
2025,Texas Christian,9,16,299,0.5,10.6,11.64,67.6,68.7,64.7,30.0,34.7,33.5,33.0,29.6,17.3,106.2,95.6,,,,,,,,,,,,,67.2,19.5,31.6,,,,,,,,,,,,,,,,,,,,,,,,,,,,-1.7,0.769,46.8,50.9
2025,Temple,9,17,300,0.531,0.3,-0.37,78.8,77.7,73.6,35.8,31.3,45.2,32.0,31.2,15.7,109.9,109.6,,,,,,,,,,,,,69.5,15.1,33.3,,,,,,,,,,,,,,,,,,,,,,,,,,,,-9.5,0.5078,49.9,50.6
2025,Tennessee,12,30,301,0.789,28.4,13.25,74.0,63.1,74.5,33.8,43.4,35.5,35.6,30.3,16.1,119.2,90.8,,,,,,,,,,,,,64.4,17.7,28.7,,,,,,,,,,,,,,,,,,,,,,,,,,,,9.3,0.958,52.5,45.0
2025,Tennessee State,12,17,302,0.515,-6.2,-8.71,78.1,73.3,68.10000000000001,32.6,33.6,41.4,33.8,30.3,21.1,102.4,108.6,,,,,,,,,,,,,71.2,17.4,33.4,,,,,,,,,,,,,,,,,,,,,,,,,,,,-12.9,0.3383,51.3,48.8
2025,Tennessee Tech,10,15,303,0.469,-10.4,-7.82,72.1,74.1,69.8,35.1,46.4,28.8,25.0,32.4,17.4,101.4,111.8,,,,,,,,,,,,,68.5,15.2,31.9,,,,,,,,,,,,,,,,,,,,,,,,,,,,-13.1,0.2454,50.7,49.6
2025,Tennessee-Martin,9,14,304,0.424,-11.18,-8.18,74.4,71.9,69.89999999999999,32.2,28.8,20.7,13.7,25.7,13.1,71.9,74.4,,,,,,,,,,,,,,,,,,,,,,,,,,,,,,,,,,,,,,,,,,,,,,
2025,Texas,6,19,305,0.543,16.9,9.79,78.5,72.6,74.9,36.2,35.3,36.8,29.7,29.4,14.3,117.1,100.2,,,,,,,,,,,,,68.0,16.4,33.8,,,,,,,,,,,,,,,,,,,,,,,,,,,,0.15,0.857,52.6,48.9
2025,Texas A&M,11,23,306,0.676,21.8,13.39,74.6,68.7,69.19999999999999,30.7,37.7,41.3,41.4,28.0,17.8,115.7,93.9,,,,,,,,,,,,,67.2,19.4,33.3,,,,,,,,,,,,,,,,,,,,,,,,,,,,5.5,0.9168,47.6,48.3
2025,Texas A&M-Corpus Christi,12,20,307,0.588,-0.99,-3.39,75.8,67.4,63.1,34.300000000000004,17.1,20.6,11.2,25.3,12.0,74.8,68.4,,,,,,,,,,,,,,,,,,,,,,,,,,,,,,,,,,,,,,,,,,,,,,
2025,Texas Southern,12,15,308,0.469,-9.8,-8.23,72.7,72.1,72.2,33.1,35.8,28.9,30.5,34.7,19.8,95.7,105.5,,,,,,,,,,,,,70.6,19.6,32.6,,,,,,,,,,,,,,,,,,,,,,,,,,,,-11.9,0.2461,47.5,47.4
2025,Texas State,9,16,309,0.5,-3.4,-3.77,76.2,73.3,75.6,36.4,27.8,36.0,35.2,31.5,18.1,108.4,111.8,,,,,,,,,,,,,66.7,16.1,36.1,,,,,,,,,,,,,,,,,,,,,,,,,,,,-11.4,0.4122,50.7,49.9
2025,Texas Tech,15,28,310,0.757,28.2,10.62,80.9,68.5,76.0,36.7,44.5,29.2,34.2,28.3,14.2,125.5,97.3,,,,,,,,,,,,,66.6,17.1,32.4,,,,,,,,,,,,,,,,,,,,,,,,,,,,5.8,0.9494,54.7,48.1
2025,Texas-Rio Grande Valley,8,16,311,0.516,-6.05,-3.38,76.7,74.0,70.7,32.9,32.2,14.0,11.8,25.8,13.5,75.7,75.0,,,,,,,,,,,,,,,,,,,,,,,,,,,,,,,,,,,,,,,,,,,,,,
2025,The Citadel,0,5,312,0.167,-23.6,-4.49,66.6,75.0,61.7,29.2,45.2,32.8,27.2,32.0,19.5,93.5,117.1,,,,,,,,,,,,,65.3,15.2,34.7,,,,,,,,,,,,,,,,,,,,,,,,,,,,-21.4,0.07,46.9,54.5
2025,Toledo,10,18,313,0.545,-6.5,-2.78,78.9,80.2,75.0,33.6,28.6,35.5,29.8,30.9,13.7,110.8,117.3,,,,,,,,,,,,,69.0,15.5,38.2,,,,,,,,,,,,,,,,,,,,,,,,,,,,-8.8,0.3414,50.5,56.4
2025,Towson,16,22,314,0.667,-1.3,-3.57,70.0,66.7,68.2,33.4,37.2,28.4,35.3,28.0,14.5,105.2,106.5,,,,,,,,,,,,,64.3,17.3,34.1,,,,,,,,,,,,,,,,,,,,,,,,,,,,-5.8,0.4634,47.9,50.8
2025,Troy,13,23,315,0.676,5.9,-2.1,73.4,65.7,71.8,30.1,45.0,37.0,38.1,31.7,19.8,106.2,100.3,,,,,,,,,,,,,66.9,19.6,32.8,,,,,,,,,,,,,,,,,,,,,,,,,,,,-4.1,0.6591,49.8,47.5
2025,Tulane,12,19,316,0.559,1.5,-0.73,74.5,70.4,75.7,33.8,39.4,35.3,26.8,32.1,16.0,107.2,105.7,,,,,,,,,,,,,67.6,17.5,32.7,,,,,,,,,,,,,,,,,,,,,,,,,,,,-8.6,0.5387,51.7,49.0
2025,Tulsa,6,13,317,0.394,-6.4,-1.9,71.3,73.6,66.7,31.2,42.3,34.2,27.2,31.1,16.9,101.7,108.1,,,,,,,,,,,,,67.0,14.4,32.7,,,,,,,,,,,,,,,,,,,,,,,,,,,,-14.4,0.3305,49.5,49.7
2025,UAB,13,24,318,0.649,7.0,-0.1,82.2,76.3,76.4,34.0,29.3,31.3,37.7,30.3,13.8,116.0,109.0,,,,,,,,,,,,,69.9,15.2,35.0,,,,,,,,,,,,,,,,,,,,,,,,,,,,-6.1,0.6716,50.2,51.2
2025,UC Davis,9,15,319,0.469,-6.7,-1.51,68.0,70.3,74.3,32.2,35.5,38.3,27.6,33.6,19.7,96.5,103.2,,,,,,,,,,,,,67.9,21.8,35.2,,,,,,,,,,,,,,,,,,,,,,,,,,,,-11.4,0.3142,46.3,50.0
2025,UC Irvine,17,32,320,0.821,8.8,-0.8,75.9,67.0,79.4,35.7,35.5,35.5,28.2,26.7,18.2,105.3,96.5,,,,,,,,,,,,,69.5,17.5,34.0,,,,,,,,,,,,,,,,,,,,,,,,,,,,0.12,0.7334,51.7,45.8
2025,UC Riverside,14,21,321,0.618,-0.7,0.38,74.8,75.0,75.6,33.5,42.3,28.0,32.1,28.8,16.0,108.7,109.4,,,,,,,,,,,,,67.7,15.6,35.3,,,,,,,,,,,,,,,,,,,,,,,,,,,,-4.7,0.4825,49.4,52.2
2025,UC San Diego,18,30,322,0.857,14.3,-1.92,79.3,61.8,74.6,36.1,49.6,33.4,25.6,28.6,13.4,112.1,97.8,,,,,,,,,,,,,66.5,23.3,33.1,,,,,,,,,,,,,,,,,,,,,,,,,,,,0.9,0.8282,55.1,47.8
2025,UC Santa Barbara,11,21,323,0.618,0.4,-3.5,74.3,68.8,76.4,38.1,47.4,29.7,27.5,29.2,18.2,108.0,107.6,,,,,,,,,,,,,66.0,17.2,30.8,,,,,,,,,,,,,,,,,,,,,,,,,,,,-8.1,0.5129,54.6,48.9
2025,Central Florida,7,20,324,0.541,11.3,11.22,79.8,80.4,77.5,33.8,41.2,35.8,32.3,34.5,17.0,114.6,103.3,,,,,,,,,,,,,72.4,18.2,32.8,,,,,,,,,,,,,,,,,,,,,,,,,,,,-2.0,0.7672,49.4,51.1
2025,UCLA,13,23,325,0.676,22.9,10.71,74.2,65.2,71.0,35.2,36.5,32.3,32.7,29.8,15.9,116.9,94.0,,,,,,,,,,,,,65.6,22.8,32.8,,,,,,,,,,,,,,,,,,,,,,,,,,,,3.9,0.9254,52.8,50.1
2025,UNC Asheville,11,21,326,0.656,-4.8,-4.71,82.2,76.6,71.6,34.2,35.0,34.4,29.7,34.1,14.8,107.6,112.4,,,,,,,,,,,,,68.6,18.0,35.2,,,,,,,,,,,,,,,,,,,,,,,,,,,,-6.4,0.3776,52.0,53.4
2025,UNC Greensboro,13,20,327,0.625,-0.7,-4.13,72.9,65.4,73.5,36.2,42.4,29.8,31.1,30.1,15.3,105.3,106.0,,,,,,,,,,,,,64.4,16.4,31.0,,,,,,,,,,,,,,,,,,,,,,,,,,,,-7.5,0.4829,50.7,47.8
2025,UNC Wilmington,14,27,328,0.771,5.2,-3.95,79.2,70.3,75.0,32.8,36.4,37.4,35.1,28.2,16.0,111.8,106.6,,,,,,,,,,,,,66.2,17.1,34.0,,,,,,,,,,,,,,,,,,,,,,,,,,,,-3.2,0.6317,52.1,50.8
2025,UT Arlington,6,13,329,0.419,-5.9,-2.83,74.3,74.8,66.10000000000001,35.4,42.2,37.0,32.8,32.5,19.2,106.5,112.4,,,,,,,,,,,,,68.3,16.4,36.0,,,,,,,,,,,,,,,,,,,,,,,,,,,,-12.8,0.3504,51.7,50.4
2025,Utah,8,16,330,0.485,11.7,8.5,75.5,72.6,64.1,32.7,43.9,36.8,34.4,28.2,17.8,112.1,100.4,,,,,,,,,,,,,69.6,15.6,34.0,,,,,,,,,,,,,,,,,,,,,,,,,,,,-2.9,0.7809,51.8,49.0
2025,Utah State,15,26,331,0.765,13.56,5.35,79.9,70.0,70.19999999999999,35.6,24.8,21.4,11.6,23.0,10.7,81.5,68.4,,,,,,,,,,,,,,,,,,,,,,,,,,,,,,,,,,,,,,,,,,,,,,
2025,Utah Tech,2,7,332,0.212,-12.1,-1.65,69.8,76.0,69.5,33.4,39.8,33.7,26.2,33.5,18.3,101.5,113.6,,,,,,,,,,,,,68.1,17.4,34.4,,,,,,,,,,,,,,,,,,,,,,,,,,,,-19.9,0.2147,48.8,53.0
2025,Utah Valley,15,25,333,0.735,4.0,-3.31,76.0,68.3,68.89999999999999,32.5,31.2,42.0,30.9,26.6,17.3,106.0,102.0,,,,,,,,,,,,,68.8,16.9,34.0,,,,,,,,,,,,,,,,,,,,,,,,,,,,-3.1,0.6093,50.6,47.6
2025,UTEP,7,18,334,0.545,2.5,0.34,72.5,70.8,71.5,34.6,36.2,37.0,25.4,32.4,16.6,106.2,103.7,,,,,,,,,,,,,69.2,22.0,33.4,,,,,,,,,,,,,,,,,,,,,,,,,,,,-8.4,0.5682,49.3,52.4
2025,UT San Antonio,6,12,335,0.387,-2.55,0.52,76.7,76.8,79.2,36.1,27.5,17.8,10.7,21.6,10.9,76.9,76.6,,,,,,,,,,,,,,,,,,,,,,,,,,,,,,,,,,,,,,,,,,,,,,
2025,Valparaiso,6,15,336,0.441,-4.0,-0.12,74.7,73.9,79.0,32.3,38.4,33.6,26.5,28.5,14.0,105.9,109.9,,,,,,,,,,,,,68.6,17.1,35.2,,,,,,,,,,,,,,,,,,,,,,,,,,,,-12.5,0.3953,47.7,53.7
2025,Vanderbilt,8,20,337,0.606,17.2,10.05,78.9,74.3,74.6,32.5,40.4,33.4,31.6,29.7,14.5,117.9,100.7,,,,,,,,,,,,,70.1,19.8,36.6,,,,,,,,,,,,,,,,,,,,,,,,,,,,1.6,0.8601,51.5,52.7
2025,Vermont,13,21,338,0.636,-5.5,-7.61,66.6,63.8,72.0,32.3,43.5,29.8,26.2,25.8,17.3,99.0,104.5,,,,,,,,,,,,,63.3,15.7,33.0,,,,,,,,,,,,,,,,,,,,,,,,,,,,-8.0,0.3496,49.0,48.8
2025,Villanova,11,21,339,0.583,16.4,7.45,74.0,68.2,79.60000000000001,39.6,43.8,28.6,30.1,27.7,15.5,119.7,103.3,,,,,,,,,,,,,64.0,16.1,34.5,,,,,,,,,,,,,,,,,,,,,,,,,,,,-2.9,0.8442,55.1,50.9
2025,Virginia,8,15,340,0.469,6.3,7.71,64.8,66.8,75.3,37.5,42.8,26.4,22.4,29.7,16.4,110.1,103.8,,,,,,,,,,,,,61.7,15.7,34.1,,,,,,,,,,,,,,,,,,,,,,,,,,,,-5.7,0.6612,52.7,50.8
2025,Virginia Commonwealth,15,28,341,0.8,14.45,1.3,76.9,62.9,74.3,33.6,28.6,19.1,13.2,25.0,11.3,77.3,62.5,,,,,,,,,,,,,,,,,,,,,,,,,,,,,,,,,,,,,,,,,,,,,,
2025,VMI,7,15,342,0.441,-13.1,-4.88,73.3,73.1,76.1,31.0,46.9,37.5,25.2,32.1,18.0,98.6,111.7,,,,,,,,,,,,,68.8,17.6,34.5,,,,,,,,,,,,,,,,,,,,,,,,,,,,-14.7,0.1925,48.5,54.2
2025,Virginia Tech,8,13,343,0.406,1.3,6.62,69.2,73.2,71.39999999999999,35.0,40.4,30.8,31.0,29.2,20.1,106.6,105.3,,,,,,,,,,,,,65.8,16.2,32.6,,,,,,,,,,,,,,,,,,,,,,,,,,,,-9.3,0.5342,51.2,52.3
2025,Wagner,6,14,344,0.467,-15.8,-10.29,62.5,60.6,70.6,31.6,37.6,29.3,31.7,25.0,19.4,92.6,108.4,,,,,,,,,,,,,60.8,18.2,33.2,,,,,,,,,,,,,,,,,,,,,,,,,,,,-13.0,0.1401,43.7,50.4
2025,Wake Forest,13,21,345,0.656,10.1,7.47,70.2,68.0,75.6,28.5,35.2,36.1,26.8,31.5,16.7,107.1,97.0,,,,,,,,,,,,,67.9,19.7,30.7,,,,,,,,,,,,,,,,,,,,,,,,,,,,0.6,0.7567,49.4,47.2
2025,Washington,4,13,346,0.419,5.4,10.76,71.6,75.5,68.2,34.4,35.7,34.5,27.5,28.5,17.5,108.9,103.5,,,,,,,,,,,,,68.4,16.7,35.1,,,,,,,,,,,,,,,,,,,,,,,,,,,,-4.9,0.6409,50.6,53.0
2025,Washington State,8,19,347,0.559,7.3,4.32,78.9,78.6,70.1,36.2,41.3,32.7,31.1,33.6,20.3,112.9,105.6,,,,,,,,,,,,,71.4,17.1,33.6,,,,,,,,,,,,,,,,,,,,,,,,,,,,-4.7,0.6843,56.6,51.2
2025,Weber State,5,12,348,0.353,-10.8,-3.16,71.9,71.9,70.3,32.4,37.2,34.7,24.4,30.1,16.9,101.4,112.2,,,,,,,,,,,,,66.2,16.5,36.7,,,,,,,,,,,,,,,,,,,,,,,,,,,,-17.0,0.2389,50.2,53.4
2025,West Georgia,4,6,349,0.194,-18.0,-4.5,69.0,78.3,69.3,29.7,30.1,28.8,26.1,29.2,16.3,96.8,114.8,,,,,,,,,,,,,68.8,16.6,36.8,,,,,,,,,,,,,,,,,,,,,,,,,,,,-20.4,0.1234,47.2,56.1
2025,West Virginia,10,19,350,0.594,18.1,11.54,68.2,64.8,72.0,32.6,46.1,25.6,25.9,30.8,16.2,110.3,92.2,,,,,,,,,,,,,64.9,19.4,29.7,,,,,,,,,,,,,,,,,,,,,,,,,,,,1.5,0.8867,50.0,46.3
2025,Western Carolina,4,8,351,0.267,-17.3,-2.35,69.7,79.0,74.6,29.7,48.2,27.0,25.7,29.4,19.0,94.6,111.9,,,,,,,,,,,,,71.2,13.5,32.6,,,,,,,,,,,,,,,,,,,,,,,,,,,,-16.6,0.1265,45.4,51.1
2025,Western Illinois,6,12,352,0.387,-17.7,-8.5,68.7,71.3,69.19999999999999,37.3,37.2,27.2,28.1,31.8,18.2,99.3,117.0,,,,,,,,,,,,,65.1,14.4,35.1,,,,,,,,,,,,,,,,,,,,,,,,,,,,-16.2,0.131,50.1,51.1
2025,Western Kentucky,8,17,353,0.531,0.6,1.0,74.8,74.8,72.39999999999999,31.7,39.7,32.1,23.5,28.1,15.5,103.1,102.5,,,,,,,,,,,,,72.5,17.0,30.5,,,,,,,,,,,,,,,,,,,,,,,,,,,,-8.2,0.5182,47.9,47.4
2025,Western Michigan,9,12,354,0.375,-9.8,-4.17,72.1,76.0,67.2,28.2,32.9,31.0,34.4,27.9,15.8,101.9,111.7,,,,,,,,,,,,,68.4,16.6,35.8,,,,,,,,,,,,,,,,,,,,,,,,,,,,-14.7,0.2588,47.0,54.5
2025,Wichita State,8,19,355,0.559,2.0,1.81,74.0,73.1,72.8,30.2,28.4,34.9,32.0,28.8,16.3,106.5,104.5,,,,,,,,,,,,,69.4,15.5,33.6,,,,,,,,,,,,,,,,,,,,,,,,,,,,-7.3,0.5531,48.6,50.0
2025,William & Mary,11,17,356,0.531,-4.5,-4.26,77.7,76.4,72.3,34.5,51.5,35.6,26.2,30.2,18.1,107.3,111.8,,,,,,,,,,,,,72.1,17.6,34.8,,,,,,,,,,,,,,,,,,,,,,,,,,,,-10.6,0.386,53.7,53.5
2025,Winthrop,11,23,357,0.676,-1.7,-4.17,84.7,78.0,66.8,33.8,38.3,47.7,31.2,31.5,17.7,106.9,108.6,,,,,,,,,,,,,73.4,18.7,35.2,,,,,,,,,,,,,,,,,,,,,,,,,,,,-6.2,0.4539,53.3,51.4
2025,Wisconsin,13,27,358,0.73,25.7,11.49,80.1,70.9,82.6,34.8,48.2,34.2,28.0,26.7,14.0,122.8,97.1,,,,,,,,,,,,,68.3,14.5,33.3,,,,,,,,,,,,,,,,,,,,,,,,,,,,6.6,0.9371,53.8,48.1
2025,Wofford,10,19,359,0.543,1.7,-2.34,74.9,70.0,66.0,34.8,47.7,30.6,35.5,26.3,16.9,111.4,109.7,,,,,,,,,,,,,64.7,14.7,34.5,,,,,,,,,,,,,,,,,,,,,,,,,,,,-9.6,0.5421,53.2,51.9
2025,Wright State,8,15,360,0.455,-3.2,-3.79,77.3,76.4,70.6,38.6,37.8,27.0,28.0,27.9,17.8,109.0,112.2,,,,,,,,,,,,,68.1,14.2,36.7,,,,,,,,,,,,,,,,,,,,,,,,,,,,-13.4,0.4173,56.3,53.2
2025,Wyoming,5,12,361,0.375,-1.8,4.21,67.2,71.2,65.2,34.4,40.7,30.4,30.0,27.2,19.9,103.2,105.0,,,,,,,,,,,,,65.3,15.8,33.3,,,,,,,,,,,,,,,,,,,,,,,,,,,,-10.9,0.4493,50.3,51.0
2025,Xavier,13,22,362,0.647,16.8,8.72,78.1,71.6,78.9,39.1,37.6,36.7,24.4,25.5,15.6,115.8,99.0,,,,,,,,,,,,,69.6,17.6,34.4,,,,,,,,,,,,,,,,,,,,,,,,,,,,0.42,0.8595,54.1,51.0
2025,Yale,13,22,363,0.733,10.2,-3.1,81.3,70.1,72.89999999999999,38.4,32.2,31.8,32.7,25.9,14.5,114.0,103.8,,,,,,,,,,,,,68.1,16.1,33.4,,,,,,,,,,,,,,,,,,,,,,,,,,,,-2.6,0.7444,54.7,49.1
2025,Youngstown State,13,21,364,0.618,-3.4,-4.98,76.4,71.9,73.3,31.3,46.2,36.4,29.3,31.2,17.6,101.3,104.7,,,,,,,,,,,,,69.9,18.0,33.5,,,,,,,,,,,,,,,,,,,,,,,,,,,,-8.8,0.4066,49.8,48.8
