season,team,conference,coach,coach_years_at_school,coach_ncaa_games,coach_sweet16s,coach_finalfours,wins,losses,win_pct,road_wins,road_losses,neutral_wins,neutral_losses,net_rank,strength_of_schedule,quad1_wins,quad2_wins,adj_offense,adj_defense,adj_margin,tempo,turnover_pct,opp_turnover_pct,off_rebound_pct,def_rebound_pct,ft_rate,ft_pct,three_pa_rate,three_pt_pct,opp_three_pt_pct,points_per_game,points_allowed_per_game,close_game_record,last10_win_pct,last10_adj_margin,avg_age,underclass_minutes_pct,freshman_minutes_pct,freshman_guard_minutes_pct,sophomore_minutes_pct,junior_minutes_pct,senior_minutes_pct,returning_starters,returning_minutes_pct,primary_guard_experience_score,backcourt_experience_score,frontcourt_experience_score,bench_minutes_pct,bench_points_pct,injury_flag,star_player_flag,chicago_guard_count,nyc_guard_count,indiana_guard_count,texas_big_count,southern_big_count,west_coast_wing_count,local_site_player_count,host_state_player_count,adj_offense_pctile,adj_defense_pctile,adj_margin_pctile,turnover_pct_pctile,off_rebound_pct_pctile,def_rebound_pct_pctile,ft_pct_pctile,scoring_balance,neutral_win_pct,road_win_pct,road_neutral_win_pct,defense_score,efficiency_score,guard_play_score,clutch_score,rebounding_score,region_bias_score,consistency_score,committee_alignment_score,model_vs_committee_gap,cinderella_score,first_year_coach_flag,foul_dependence,pbp_composite,contender_score,upset_risk_score,expected_round,predicted_seed_line,slow_paced,fast_paced,title_darkhorse_flag,fraud_favorite_flag,dangerous_low_seed_flag,underseeded_flag,overseeded_flag,cinderella_flag,high_foul_dependence_flag,archetype,explanation_summary
2026,Houston,Big 12,Coach_Houston,4,42,7,3,29,3,0.906,11,1,5,2,1,10.1,9,6,116.8,96.7,20.1,69.7,17.4,19.5,32.8,69.1,32.3,69.2,31.2,32.6,37.4,76.6,66.9,0.587,0.87,20.5,20.5,30.3,36.6,6.5,10.9,20.3,16.9,1,43.1,55.2,45.5,88.3,38.6,27.0,1,0,2,1,0,0,2,1,0,0,4.411764705882353,27.205882352941174,10.294117647058822,53.67647058823529,16.176470588235293,83.82352941176471,86.76470588235294,27.0,0.7142857142857143,0.9166666666666666,0.8154761904761905,53.2,77.6,27.0,51.3,62.8,18.4,92.6,93.7,-16.1,41.3,0,32.3,50.0,58.3,40.9,Sweet 16,2,False,False,False,False,False,False,True,False,False,Standard Tournament Team,Houston profiles as a Standard Tournament Team with a contender score of 58.3/100. Model projects Sweet 16 exit.
2026,Connecticut,Big East,Coach_Connecticut,7,10,2,0,25,7,0.781,9,4,3,0,3,-4.7,10,7,113.5,96.4,17.1,68.2,14.5,18.1,29.1,66.4,35.9,70.1,31.7,36.3,32.2,77.0,64.8,0.609,0.771,15.8,20.4,39.6,7.0,14.5,12.6,38.8,42.0,3,42.1,91.4,84.3,33.6,44.0,26.1,0,0,2,0,1,2,0,0,2,0,22.058823529411764,21.323529411764707,27.941176470588236,13.23529411764706,51.470588235294116,96.32352941176471,77.94117647058823,26.1,1.0,0.6923076923076923,0.8461538461538461,60.2,64.2,73.6,56.2,39.0,33.1,71.5,71.8,-7.6,58.2,0,35.9,50.0,59.6,36.8,Sweet 16,4,False,False,False,False,False,False,False,False,True,Standard Tournament Team,Connecticut profiles as a Standard Tournament Team with a contender score of 59.6/100. Key strengths: strong guard play. Model projects Sweet 16 exit.
2026,Purdue,Big Ten,Coach_Purdue,12,47,6,0,24,2,0.923,8,1,5,1,2,2.1,11,7,116.1,90.5,25.6,66.5,17.4,17.8,32.2,70.5,29.7,69.7,32.8,35.4,28.4,82.5,61.6,0.403,0.781,23.2,20.1,55.2,9.5,7.8,20.9,25.5,31.1,2,58.0,80.3,86.4,32.6,41.6,20.9,0,0,0,1,1,1,0,0,3,0,10.294117647058822,2.941176470588235,2.941176470588235,53.67647058823529,18.38235294117647,64.70588235294117,84.55882352941177,20.9,0.8333333333333334,0.8888888888888888,0.8611111111111112,76.6,75.2,60.3,34.6,70.0,18.4,97.9,81.5,-6.3,44.2,0,29.7,50.0,64.8,36.1,Elite 8,3,False,False,False,False,False,False,False,False,False,Standard Tournament Team,"Purdue profiles as a Standard Tournament Team with a contender score of 64.8/100. Key strengths: elite defense, dominant rebounding. Watch out for: poor clutch metrics. Model projects Elite 8 exit."
2026,North Carolina,ACC,Coach_North_Carolina,8,29,5,0,26,4,0.867,11,2,4,0,6,3.8,11,6,113.8,100.0,13.8,66.9,17.6,15.2,31.4,72.8,32.4,68.9,34.9,34.8,36.2,77.7,70.4,0.386,0.951,12.7,19.2,37.9,21.3,13.8,10.8,16.9,28.8,4,68.1,93.9,42.6,37.6,38.9,33.6,0,0,0,1,0,0,2,2,3,2,20.588235294117645,45.588235294117645,33.82352941176471,61.76470588235294,26.47058823529412,32.35294117647059,90.44117647058823,33.6,1.0,0.8461538461538461,0.9230769230769231,48.8,67.8,32.5,36.9,71.5,81.6,75.3,84.6,-16.8,28.9,0,32.4,50.0,35.3,57.3,R64,3,False,False,False,True,False,False,True,False,False,Fraud Favorite,North Carolina profiles as a Fraud Favorite with a contender score of 35.3/100. Key strengths: dominant rebounding. Watch out for: poor clutch metrics. Model projects R64 exit. [FRAUD FAVORITE WARNING]
2026,Duke,ACC,Coach_Duke,15,32,5,0,33,5,0.868,14,2,5,1,7,4.4,10,7,116.5,93.0,23.5,69.2,13.7,15.4,30.7,69.3,35.0,73.5,39.1,33.0,32.6,76.9,61.8,0.628,0.967,22.4,20.2,48.2,5.8,15.4,22.6,25.7,27.9,4,79.6,92.5,70.0,45.0,27.4,30.8,0,0,1,2,1,0,2,0,1,0,5.88235294117647,7.352941176470589,4.411764705882353,7.352941176470589,30.88235294117647,81.61764705882352,44.11764705882353,30.8,0.8333333333333334,0.875,0.8541666666666667,63.9,74.9,69.9,76.6,58.1,33.1,93.5,91.8,-16.9,75.8,0,35.0,50.0,58.0,30.9,Sweet 16,2,False,False,False,False,False,False,True,False,True,Standard Tournament Team,"Duke profiles as a Standard Tournament Team with a contender score of 58.0/100. Key strengths: strong guard play, clutch performance. Model projects Sweet 16 exit."
2026,Kansas,Big 12,Coach_Kansas,1,16,4,3,29,4,0.879,13,1,4,2,8,-3.1,11,5,115.9,93.6,22.3,70.9,17.3,16.3,30.4,72.2,39.8,74.1,36.4,31.2,32.6,77.4,63.5,0.363,0.806,24.5,21.4,48.9,19.2,11.3,19.9,31.2,27.1,3,78.1,39.8,49.2,82.7,36.8,39.2,0,1,1,0,0,2,1,0,3,0,13.23529411764706,8.823529411764707,5.88235294117647,48.529411764705884,33.82352941176471,41.17647058823529,38.23529411764706,39.2,0.6666666666666666,0.9285714285714286,0.7976190476190477,69.4,69.2,37.7,41.5,70.7,33.1,93.2,76.4,-7.2,56.7,0,39.8,50.0,57.3,41.1,Sweet 16,4,False,False,False,False,False,False,False,False,True,Standard Tournament Team,"Kansas profiles as a Standard Tournament Team with a contender score of 57.3/100. Key strengths: elite defense, dominant rebounding. Model projects Sweet 16 exit."
2026,Auburn,SEC,Coach_Auburn,18,48,7,0,30,5,0.857,12,3,1,0,3,3.0,8,5,115.6,96.4,19.2,68.0,18.2,16.4,29.5,74.9,32.7,77.6,38.0,31.0,39.8,76.3,63.7,0.65,0.707,15.1,19.3,58.7,20.4,21.1,34.9,29.2,17.7,4,58.7,47.5,35.2,67.8,33.1,32.6,0,1,0,0,1,0,1,0,2,2,16.176470588235293,21.323529411764707,15.441176470588236,72.05882352941177,43.38235294117647,19.11764705882353,14.705882352941178,32.6,1.0,0.8,0.9,58.6,72.4,30.4,63.5,72.2,18.4,85.7,82.6,-10.2,62.9,0,32.7,50.0,61.2,38.0,Elite 8,3,False,False,False,False,False,False,False,False,False,Standard Tournament Team,Auburn profiles as a Standard Tournament Team with a contender score of 61.2/100. Key strengths: dominant rebounding. Model projects Elite 8 exit.
2026,Tennessee,SEC,Coach_Tennessee,5,39,7,2,29,5,0.853,12,2,3,1,11,-0.4,11,4,114.3,96.7,17.6,70.8,19.2,14.5,24.4,68.7,35.5,79.7,42.3,37.4,33.3,73.9,63.7,0.684,0.525,18.6,22.1,48.3,15.4,8.8,25.7,18.3,27.3,4,60.7,81.9,67.6,53.4,27.7,20.5,1,0,2,1,1,0,2,0,2,0,19.11764705882353,27.205882352941174,23.52941176470588,86.76470588235294,94.11764705882352,90.44117647058823,4.411764705882353,20.5,0.75,0.8571428571428571,0.8035714285714286,44.7,64.1,59.6,59.1,22.8,50.7,80.3,67.5,-3.4,54.1,0,35.5,50.0,50.6,43.4,Sweet 16,5,False,False,False,False,False,False,False,False,True,Standard Tournament Team,Tennessee profiles as a Standard Tournament Team with a contender score of 50.6/100. Model projects Sweet 16 exit.
2026,Arizona,Big 12,Coach_Arizona,15,26,4,2,26,5,0.839,12,2,2,1,8,-4.1,10,2,116.2,89.9,26.3,69.0,18.3,16.2,27.4,70.6,33.7,71.7,40.0,35.2,32.5,78.9,64.1,0.393,0.815,29.6,20.6,32.6,23.9,4.9,33.8,32.0,10.1,4,56.3,48.2,94.0,72.9,40.9,15.7,0,0,1,0,1,1,0,0,3,0,8.088235294117647,1.4705882352941175,1.4705882352941175,73.52941176470588,76.47058823529412,63.23529411764706,64.70588235294117,15.7,0.6666666666666666,0.8571428571428571,0.7619047619047619,63.9,69.8,58.1,36.5,44.6,18.4,91.8,74.7,-4.9,44.0,0,33.7,50.0,57.6,40.5,Sweet 16,4,False,False,False,False,False,False,False,False,False,Standard Tournament Team,Arizona profiles as a Standard Tournament Team with a contender score of 57.6/100. Watch out for: poor clutch metrics. Model projects Sweet 16 exit.
2026,Gonzaga,WCC,Coach_Gonzaga,12,28,1,0,22,4,0.846,9,2,4,1,10,0.8,10,4,114.7,95.6,19.2,66.6,19.3,17.0,33.6,70.0,31.4,68.4,36.1,33.4,32.8,75.5,66.4,0.429,0.678,19.8,20.9,52.9,14.6,27.7,29.3,22.4,17.7,1,76.2,51.1,46.3,93.8,38.6,25.7,0,0,1,1,1,2,2,0,2,2,17.647058823529413,17.647058823529413,15.441176470588236,88.23529411764706,12.5,74.26470588235294,92.64705882352942,25.7,0.8,0.8181818181818182,0.8090909090909091,54.2,67.8,20.2,21.9,66.8,91.2,84.0,68.5,-0.7,26.1,0,31.4,50.0,52.4,53.5,Sweet 16,5,False,False,False,False,False,False,False,False,False,Standard Tournament Team,Gonzaga profiles as a Standard Tournament Team with a contender score of 52.4/100. Key strengths: dominant rebounding. Watch out for: poor clutch metrics. Model projects Sweet 16 exit.
2026,Iowa State,Big 12,Coach_Iowa_State,1,42,4,2,25,2,0.926,10,1,5,0,10,-6.5,9,3,111.2,92.6,18.7,67.7,17.1,17.3,28.0,74.2,28.4,67.2,38.0,33.9,31.3,79.7,60.9,0.648,0.922,22.2,20.0,58.4,10.6,20.0,11.1,38.9,12.0,4,83.4,39.6,94.0,68.6,23.0,19.5,0,1,2,2,1,0,0,2,1,0,33.82352941176471,5.88235294117647,20.588235294117645,41.911764705882355,67.64705882352942,22.058823529411764,97.05882352941177,19.5,1.0,0.9090909090909091,0.9545454545454546,80.2,63.1,56.5,54.4,59.2,50.7,87.9,70.7,-7.6,59.1,0,28.4,50.0,64.7,34.7,Elite 8,5,False,False,False,False,False,False,False,False,False,Standard Tournament Team,Iowa State profiles as a Standard Tournament Team with a contender score of 64.7/100. Key strengths: elite defense. Model projects Elite 8 exit.
2026,Marquette,Big East,Coach_Marquette,1,45,0,2,29,3,0.906,14,2,3,2,15,-2.6,9,5,118.5,96.6,21.9,64.7,18.6,14.4,30.5,79.1,27.4,70.6,37.7,41.6,31.4,77.7,66.2,0.383,0.869,22.2,19.9,41.3,32.8,8.2,12.3,30.3,40.7,3,57.3,78.3,53.6,35.8,39.2,17.3,0,1,2,0,0,1,0,1,0,0,1.4705882352941175,25.0,8.823529411764707,79.41176470588235,32.35294117647059,4.411764705882353,72.05882352941177,17.3,0.6,0.875,0.7375,68.0,66.3,40.3,35.2,83.6,2.9,93.5,74.3,-8.0,40.3,0,27.4,50.0,58.7,43.5,Sweet 16,4,False,False,False,False,False,False,False,False,False,Standard Tournament Team,"Marquette profiles as a Standard Tournament Team with a contender score of 58.7/100. Key strengths: elite defense, dominant rebounding. Watch out for: poor clutch metrics. Model projects Sweet 16 exit."
2026,Creighton,Big East,Coach_Creighton,19,48,3,0,31,2,0.939,13,1,3,1,14,2.8,11,4,112.2,94.0,18.2,69.7,15.2,15.1,31.5,76.3,36.5,77.7,38.6,30.6,30.2,73.1,65.3,0.775,0.513,21.3,20.9,41.4,11.8,11.5,31.3,27.5,22.6,4,45.5,69.4,94.2,49.4,36.4,38.9,0,0,2,1,0,0,2,1,0,0,29.411764705882355,12.5,22.058823529411764,23.52941176470588,25.0,11.76470588235294,13.23529411764706,38.9,0.75,0.9285714285714286,0.8392857142857143,81.0,66.9,79.9,73.6,81.7,18.4,87.6,72.3,-5.4,86.4,0,36.5,50.0,73.5,24.6,Final Four,4,False,False,False,False,False,False,False,False,True,Elite Defense Traveler,"Creighton profiles as a Elite Defense Traveler with a contender score of 73.5/100. Key strengths: elite defense, strong guard play, clutch performance, dominant rebounding. Model projects Final Four exit."
2026,Baylor,Big 12,Coach_Baylor,9,14,4,0,28,5,0.848,12,3,5,1,10,-1.0,9,5,111.0,95.4,15.5,68.4,22.0,19.9,30.2,75.5,31.3,72.4,38.4,33.5,30.2,77.8,59.5,0.388,0.925,15.4,21.7,31.3,17.2,3.0,31.6,16.4,47.5,3,72.1,78.2,54.1,82.8,43.4,25.9,0,0,1,2,1,1,2,2,1,0,36.029411764705884,16.176470588235293,30.88235294117647,100.0,36.029411764705884,14.705882352941178,55.88235294117647,25.9,0.8333333333333334,0.8,0.8166666666666667,76.7,62.9,34.0,38.8,73.9,81.6,75.3,75.4,-12.5,45.8,0,31.3,50.0,60.3,44.3,Elite 8,4,False,False,False,False,False,False,False,False,False,Standard Tournament Team,"Baylor profiles as a Standard Tournament Team with a contender score of 60.3/100. Key strengths: elite defense, dominant rebounding. Watch out for: poor clutch metrics. Model projects Elite 8 exit."
2026,Kentucky,SEC,Coach_Kentucky,2,43,2,2,32,7,0.821,12,3,4,1,20,3.7,10,5,116.2,96.9,19.3,64.3,17.5,15.4,34.7,70.1,31.8,72.2,31.1,34.7,26.4,76.0,70.4,0.351,0.622,21.7,21.6,23.0,12.4,28.4,27.5,30.2,37.0,2,35.9,65.1,52.8,36.8,37.7,31.7,0,1,2,0,0,2,0,1,2,1,8.088235294117647,29.411764705882355,13.23529411764706,58.08823529411765,2.2058823529411766,70.58823529411765,61.029411764705884,31.7,0.8,0.8,0.8,60.2,67.1,41.1,23.5,73.1,50.7,82.9,72.0,-4.9,39.9,0,31.8,50.0,55.4,49.0,Sweet 16,4,False,False,False,False,False,False,False,False,False,Standard Tournament Team,Kentucky profiles as a Standard Tournament Team with a contender score of 55.4/100. Key strengths: dominant rebounding. Watch out for: poor clutch metrics. Model projects Sweet 16 exit.
2026,Alabama,SEC,Coach_Alabama,15,18,0,0,31,4,0.886,11,1,5,1,20,-4.2,10,3,112.6,95.2,17.5,64.9,17.7,16.8,27.0,75.0,30.7,75.0,34.0,34.8,35.6,77.7,68.8,0.375,0.817,19.8,21.1,38.9,19.8,7.1,21.6,18.8,12.7,3,33.4,66.8,81.5,33.4,22.7,31.6,0,0,1,2,0,1,0,0,3,2,26.47058823529412,14.705882352941178,25.0,64.70588235294117,83.08823529411765,17.647058823529413,32.35294117647059,31.6,0.8333333333333334,0.9166666666666666,0.875,67.3,59.0,62.9,44.4,52.9,69.1,82.4,66.9,-7.9,56.4,0,30.7,50.0,59.7,40.7,Sweet 16,5,False,False,False,False,False,False,False,False,False,Standard Tournament Team,Alabama profiles as a Standard Tournament Team with a contender score of 59.7/100. Key strengths: elite defense. Model projects Sweet 16 exit.
2026,Illinois,Big Ten,Coach_Illinois,5,36,3,3,33,4,0.892,10,1,5,0,19,10.0,11,4,115.9,93.8,22.1,63.0,14.6,17.7,32.2,73.0,32.3,77.3,34.8,36.4,32.3,80.7,64.0,0.492,0.695,17.9,20.9,44.0,13.1,2.0,31.5,32.3,49.0,3,32.4,64.4,42.2,52.0,38.3,31.1,1,0,1,1,0,1,0,2,2,2,13.23529411764706,10.294117647058822,7.352941176470589,15.441176470588236,18.38235294117647,30.14705882352941,17.647058823529413,31.1,1.0,0.9090909090909091,0.9545454545454546,78.5,71.8,55.0,58.0,81.2,69.1,93.5,79.9,-8.1,77.3,0,32.3,50.0,70.7,31.3,Final Four,3,True,False,True,False,False,False,False,False,False,Elite Defense Traveler,"Illinois profiles as a Elite Defense Traveler with a contender score of 70.7/100. Key strengths: elite defense, dominant rebounding. Model projects Final Four exit. [DARKHORSE ALERT]"
2026,Texas,SEC,Coach_Texas,2,36,3,1,21,7,0.75,9,4,4,2,15,4.9,7,5,112.4,95.7,16.7,66.6,15.0,17.1,28.5,68.8,34.6,79.8,33.4,35.5,30.6,74.6,65.2,0.369,0.774,13.9,21.9,40.6,35.1,20.7,22.8,27.2,32.4,3,40.6,60.9,61.5,49.1,39.3,19.6,0,0,0,0,1,1,0,1,0,1,27.941176470588236,19.11764705882353,29.411764705882355,20.588235294117645,58.08823529411765,88.23529411764706,2.941176470588235,19.6,0.6666666666666666,0.6923076923076923,0.6794871794871795,62.3,65.8,67.9,56.4,38.6,2.9,68.2,71.0,-5.2,74.7,0,34.6,50.0,58.3,37.0,Sweet 16,4,False,False,False,False,False,False,False,False,False,Standard Tournament Team,Texas profiles as a Standard Tournament Team with a contender score of 58.3/100. Key strengths: strong guard play. Model projects Sweet 16 exit.
2026,Michigan State,Big Ten,Coach_Michigan_State,10,49,1,3,21,9,0.7,8,5,2,2,17,0.9,8,4,111.0,100.1,10.9,68.7,16.2,16.5,30.8,72.3,21.5,76.1,38.2,33.4,30.3,76.4,66.4,0.481,0.864,7.6,21.8,53.7,14.5,8.9,19.7,36.9,26.3,1,51.3,70.6,64.4,49.9,20.1,39.0,0,0,0,0,1,2,1,1,1,1,36.029411764705884,48.529411764705884,38.23529411764706,34.55882352941176,29.411764705882355,37.5,26.47058823529412,39.0,0.5,0.6153846153846154,0.5576923076923077,59.3,60.3,61.1,60.0,67.5,33.1,60.3,66.9,-6.6,66.1,0,21.5,50.0,59.9,39.9,Sweet 16,5,False,False,False,False,False,False,False,False,False,Standard Tournament Team,Michigan State profiles as a Standard Tournament Team with a contender score of 59.9/100. Key strengths: dominant rebounding. Model projects Sweet 16 exit.
2026,Oregon,Big Ten,Coach_Oregon,2,19,7,3,24,5,0.828,11,2,4,2,25,5.4,6,2,117.1,97.1,20.0,67.2,19.6,17.3,27.3,71.9,26.9,74.4,33.9,31.6,30.6,78.4,68.8,0.717,0.857,21.4,19.5,21.9,32.0,3.4,32.4,30.6,20.5,3,65.8,94.5,70.7,38.8,35.5,33.0,0,0,1,2,0,0,0,0,2,2,2.941176470588235,32.35294117647059,11.76470588235294,90.44117647058823,78.67647058823529,42.64705882352941,35.294117647058826,33.0,0.6666666666666666,0.8461538461538461,0.7564102564102564,61.8,67.9,50.3,66.5,48.8,33.1,85.0,73.2,-5.3,63.5,0,26.9,50.0,61.7,34.8,Elite 8,4,False,False,False,False,True,False,False,False,False,Dangerous Low Seed,Oregon profiles as a Dangerous Low Seed with a contender score of 61.7/100. Key strengths: clutch performance. Model projects Elite 8 exit. [DANGEROUS LOW SEED]
2026,San Diego State,Other,Coach_San_Diego_State,12,3,4,1,15,6,0.714,5,3,2,2,18,2.8,9,3,109.4,99.5,9.9,66.2,13.8,18.4,28.5,70.2,31.8,78.2,32.1,33.4,35.4,74.7,70.1,0.669,0.726,8.8,20.4,59.7,35.7,13.4,10.3,19.9,47.6,2,69.8,59.3,46.0,30.4,29.7,29.3,1,0,0,1,0,2,0,1,3,1,38.23529411764706,39.705882352941174,41.17647058823529,8.823529411764707,58.08823529411765,67.64705882352942,8.823529411764707,29.3,0.5,0.625,0.5625,53.9,60.7,56.8,77.5,43.4,50.7,59.4,58.9,1.8,79.1,0,31.8,50.0,59.5,36.7,Sweet 16,6,False,False,False,False,False,False,False,False,False,Standard Tournament Team,San Diego State profiles as a Standard Tournament Team with a contender score of 59.5/100. Key strengths: clutch performance. Model projects Sweet 16 exit.
2026,Saint Marys CA,Other,Coach_Saint_Marys_CA,14,40,1,2,17,5,0.773,7,2,4,1,27,-2.9,8,6,106.2,104.4,1.8,67.5,17.3,17.5,28.7,66.3,23.3,72.2,31.4,27.9,36.6,75.5,73.2,0.762,0.777,3.2,19.0,32.8,16.8,24.9,31.7,27.1,21.2,4,44.6,31.9,93.5,41.4,42.2,24.8,0,0,2,0,1,1,2,2,3,0,52.94117647058824,73.52941176470588,54.41176470588235,48.529411764705884,55.88235294117647,98.52941176470588,61.029411764705884,24.8,0.8,0.7777777777777778,0.788888888888889,29.7,50.5,55.2,66.1,31.0,91.2,54.7,49.9,0.6,44.1,0,23.3,50.0,49.5,48.2,R32,7,False,False,False,False,False,False,False,False,False,Standard Tournament Team,Saint Marys CA profiles as a Standard Tournament Team with a contender score of 49.5/100. Key strengths: clutch performance. Watch out for: defensive vulnerability. Model projects R32 exit.
2026,Nevada,Other,Coach_Nevada,8,10,1,0,23,6,0.793,11,2,5,1,19,-5.6,6,2,107.6,100.4,7.3,63.5,20.3,22.4,31.6,77.3,35.7,70.8,32.1,32.7,33.9,72.7,64.8,0.693,0.808,9.7,21.4,32.4,11.4,10.3,12.6,37.5,24.1,2,70.0,47.3,77.1,62.3,33.9,38.3,0,1,2,1,0,2,0,1,2,0,47.794117647058826,52.20588235294118,44.11764705882353,97.05882352941177,22.794117647058822,7.352941176470589,70.58823529411765,38.3,0.8333333333333334,0.8461538461538461,0.8397435897435898,60.0,54.4,39.9,52.3,79.8,50.7,63.2,58.9,-4.5,47.9,0,35.7,50.0,56.4,46.5,Sweet 16,6,False,False,False,False,False,False,False,False,True,Standard Tournament Team,Nevada profiles as a Standard Tournament Team with a contender score of 56.4/100. Key strengths: dominant rebounding. Model projects Sweet 16 exit.
2026,New Mexico,Other,Coach_New_Mexico,2,17,0,2,19,6,0.76,6,3,4,1,28,0.3,6,2,109.1,99.0,10.1,75.2,14.6,21.7,27.1,71.2,30.9,75.5,39.2,31.9,38.5,74.9,67.7,0.582,0.884,8.9,20.8,39.9,7.7,0.3,10.6,39.4,22.4,4,58.2,71.1,56.2,44.7,28.4,34.2,0,0,0,2,1,0,2,2,0,2,41.17647058823529,35.294117647058826,39.705882352941174,15.441176470588236,80.88235294117648,55.88235294117647,30.88235294117647,34.2,0.8,0.6666666666666666,0.7333333333333334,57.4,55.0,58.0,71.8,37.6,69.1,62.9,57.9,-2.9,73.3,0,30.9,50.0,58.0,38.7,Sweet 16,6,False,True,False,False,True,False,False,False,False,Dangerous Low Seed,New Mexico profiles as a Dangerous Low Seed with a contender score of 58.0/100. Key strengths: clutch performance. Model projects Sweet 16 exit. [DANGEROUS LOW SEED]
2026,Drake,Other,Coach_Drake,8,10,3,0,28,6,0.824,12,2,4,0,26,-0.1,9,5,103.6,99.9,3.6,61.5,16.0,18.7,27.9,69.8,31.9,70.2,30.5,29.9,31.4,72.3,65.5,0.38,0.674,3.1,20.7,39.6,34.0,22.5,23.0,18.2,29.4,4,48.4,89.1,68.3,56.6,30.2,36.5,0,0,2,2,0,2,2,2,2,1,58.82352941176471,44.11764705882353,52.94117647058824,30.88235294117647,69.11764705882352,78.67647058823529,75.0,36.5,1.0,0.8571428571428571,0.9285714285714286,58.3,52.5,52.9,31.6,32.2,99.3,59.7,58.4,-5.9,39.0,0,31.9,50.0,50.0,51.5,Sweet 16,6,True,False,False,False,False,False,False,False,False,Standard Tournament Team,Drake profiles as a Standard Tournament Team with a contender score of 50.0/100. Watch out for: poor clutch metrics. Model projects Sweet 16 exit.
2026,Vermont,Other,Coach_Vermont,16,8,5,2,21,8,0.724,9,5,2,1,29,-6.0,9,4,113.0,100.4,12.6,72.9,17.6,17.4,27.7,74.3,31.3,72.3,33.0,30.0,33.9,77.3,66.2,0.364,0.816,13.0,21.0,51.1,15.4,15.4,13.9,32.9,42.8,4,62.8,91.9,69.8,33.4,21.4,20.2,0,1,0,2,0,1,0,2,1,2,23.52941176470588,52.20588235294118,35.294117647058826,61.76470588235294,71.32352941176471,20.588235294117645,58.08823529411765,20.2,0.6666666666666666,0.6428571428571429,0.6547619047619048,54.2,52.9,49.7,35.5,55.1,50.7,63.8,52.5,0.4,40.1,0,31.3,50.0,50.4,51.2,Sweet 16,7,False,True,False,False,False,False,False,False,False,Standard Tournament Team,Vermont profiles as a Standard Tournament Team with a contender score of 50.4/100. Watch out for: poor clutch metrics. Model projects Sweet 16 exit.
2026,Yale,Other,Coach_Yale,3,0,0,3,24,8,0.75,11,5,4,1,25,2.1,6,7,109.3,103.1,6.3,67.9,15.7,18.1,26.1,66.4,30.8,67.3,41.8,36.3,34.0,78.4,69.1,0.724,0.703,10.3,19.8,24.2,28.9,4.0,18.0,15.9,23.7,4,35.3,74.1,36.4,43.0,24.3,34.4,0,1,1,2,0,1,0,0,3,0,39.705882352941174,61.76470588235294,47.05882352941176,27.941176470588236,86.76470588235294,96.32352941176471,95.58823529411765,34.4,0.8,0.6875,0.74375,40.5,56.7,36.1,53.0,19.3,33.1,57.6,61.3,-4.6,40.8,0,30.8,50.0,45.1,50.6,R32,6,False,False,False,False,False,False,False,False,False,Standard Tournament Team,Yale profiles as a Standard Tournament Team with a contender score of 45.1/100. Model projects R32 exit.
2026,Princeton,Other,Coach_Princeton,5,4,1,2,25,10,0.714,10,6,4,0,32,8.6,6,7,112.8,94.0,18.8,65.4,19.6,20.4,24.3,76.4,36.1,73.7,34.9,30.5,29.0,77.9,62.3,0.626,0.616,19.8,21.1,24.8,25.7,11.3,16.4,26.3,18.2,4,38.2,51.1,59.2,89.3,24.6,21.3,0,0,2,0,0,1,0,1,2,0,25.0,12.5,19.11764705882353,90.44117647058823,95.58823529411765,10.294117647058822,42.64705882352941,21.3,1.0,0.625,0.8125,79.2,64.0,34.5,46.2,51.0,18.4,72.6,63.6,0.4,60.5,0,36.1,50.0,57.3,41.6,Sweet 16,5,False,False,False,False,True,False,False,False,True,Dangerous Low Seed,Princeton profiles as a Dangerous Low Seed with a contender score of 57.3/100. Key strengths: elite defense. Model projects Sweet 16 exit. [DANGEROUS LOW SEED]
2026,Dayton,Other,Coach_Dayton,13,11,3,0,25,7,0.781,10,3,5,1,26,0.6,6,5,111.3,96.5,14.7,67.7,18.7,17.1,34.7,71.2,28.9,72.3,44.0,36.7,32.5,73.2,65.7,0.555,0.757,11.1,20.4,34.3,23.7,12.5,32.4,39.0,29.0,1,44.7,83.8,63.6,92.0,34.7,17.6,0,0,2,1,1,2,0,1,0,2,31.61764705882353,23.52941176470588,32.35294117647059,83.82352941176471,2.2058823529411766,55.88235294117647,58.08823529411765,17.6,0.8333333333333334,0.7692307692307693,0.8012820512820513,56.9,58.1,47.7,44.7,74.4,69.1,68.8,61.7,-3.6,45.3,0,28.9,50.0,57.0,46.5,Sweet 16,6,False,False,False,False,True,False,False,False,False,Dangerous Low Seed,Dayton profiles as a Dangerous Low Seed with a contender score of 57.0/100. Key strengths: dominant rebounding. Model projects Sweet 16 exit. [DANGEROUS LOW SEED]
2026,Memphis,Other,Coach_Memphis,3,47,2,0,31,8,0.795,12,5,1,0,31,3.2,8,3,115.9,97.0,18.9,66.6,14.2,18.2,27.7,71.8,30.6,76.9,40.9,34.6,36.6,79.3,66.3,0.517,0.953,13.5,20.0,54.7,23.1,5.0,25.6,37.5,44.6,1,70.5,87.2,41.6,63.9,26.9,27.1,0,0,2,2,1,2,0,0,1,2,13.23529411764706,30.88235294117647,17.647058823529413,11.76470588235294,71.32352941176471,44.85294117647059,22.058823529411764,27.1,1.0,0.7058823529411765,0.8529411764705883,60.3,62.7,55.8,72.8,50.1,81.6,79.7,73.7,-11.0,75.6,0,30.6,50.0,63.5,34.5,Elite 8,4,False,False,False,False,True,False,False,False,False,Dangerous Low Seed,Memphis profiles as a Dangerous Low Seed with a contender score of 63.5/100. Key strengths: clutch performance. Model projects Elite 8 exit. [DANGEROUS LOW SEED]
2026,Colorado State,Other,Coach_Colorado_State,17,25,5,1,18,10,0.643,5,6,3,2,32,13.2,7,6,108.7,91.4,17.3,60.5,15.4,18.3,22.5,75.6,31.3,72.1,41.0,33.0,36.0,74.3,63.4,0.47,0.523,18.4,21.5,37.7,18.7,9.4,26.1,38.0,37.1,3,35.3,73.4,60.0,65.5,21.4,16.9,0,1,0,1,1,1,2,1,2,2,42.64705882352941,4.411764705882353,26.47058823529412,25.0,100.0,13.23529411764706,63.23529411764706,16.9,0.6,0.45454545454545453,0.5272727272727272,71.7,62.9,53.5,37.0,46.5,81.6,64.4,57.1,5.8,57.9,0,31.3,50.0,57.8,43.9,Sweet 16,6,True,False,False,False,True,False,False,False,False,Dangerous Low Seed,Colorado State profiles as a Dangerous Low Seed with a contender score of 57.8/100. Key strengths: elite defense. Watch out for: poor clutch metrics. Model projects Sweet 16 exit. [DANGEROUS LOW SEED]
2026,Utah State,Other,Coach_Utah_State,8,13,5,3,23,10,0.697,7,4,2,1,37,0.9,9,4,104.3,103.2,1.1,69.0,18.5,17.2,30.0,75.3,35.3,69.8,33.0,35.9,29.9,71.6,71.2,0.542,0.867,1.2,21.0,48.8,27.8,19.9,13.1,33.0,15.7,3,83.0,87.6,50.1,57.3,43.6,33.1,0,0,2,1,1,2,1,2,0,0,55.88235294117647,63.23529411764706,58.08823529411765,75.0,38.970588235294116,16.176470588235293,81.61764705882352,33.1,0.6666666666666666,0.6363636363636364,0.6515151515151515,56.7,47.6,35.5,45.1,66.7,69.1,47.8,53.1,-5.5,41.0,0,35.3,50.0,50.4,53.1,Sweet 16,7,False,False,False,False,False,False,False,False,True,Standard Tournament Team,Utah State profiles as a Standard Tournament Team with a contender score of 50.4/100. Key strengths: dominant rebounding. Model projects Sweet 16 exit.
2026,Clemson,Other,Coach_Clemson,5,6,1,0,16,9,0.64,5,5,2,0,38,-3.3,7,4,107.8,99.7,8.1,68.6,13.1,15.2,31.6,72.3,28.1,73.0,37.9,34.7,27.8,74.6,65.0,0.464,0.517,3.9,20.8,33.3,34.2,18.4,34.1,36.5,11.4,3,80.1,50.6,88.9,42.9,22.3,21.2,0,0,2,1,0,0,1,1,2,2,44.11764705882353,41.911764705882355,42.64705882352941,4.411764705882353,22.794117647058822,37.5,51.470588235294116,21.2,1.0,0.5,0.75,63.3,48.6,74.6,42.6,69.6,69.1,54.1,35.9,12.7,65.6,0,28.1,50.0,57.3,45.7,Sweet 16,9,False,False,False,False,True,False,False,False,False,Dangerous Low Seed,"Clemson profiles as a Dangerous Low Seed with a contender score of 57.3/100. Key strengths: strong guard play, dominant rebounding. Model projects Sweet 16 exit. [DANGEROUS LOW SEED]"
2026,Wisconsin,Other,Coach_Wisconsin,9,3,3,1,26,7,0.788,8,4,5,0,34,-5.3,9,7,107.7,102.9,4.8,69.8,17.1,15.4,29.4,70.7,35.3,70.5,30.5,37.4,31.7,74.4,70.4,0.359,0.927,3.7,20.7,29.1,8.3,22.9,12.0,21.0,49.2,1,70.8,47.1,52.4,63.9,38.9,38.0,0,1,0,1,0,0,2,2,0,1,45.588235294117645,60.29411764705882,48.529411764705884,41.911764705882355,45.588235294117645,61.76470588235294,73.52941176470588,38.0,1.0,0.6666666666666666,0.8333333333333333,46.0,47.7,42.2,37.1,49.6,18.4,60.0,54.7,-7.0,34.2,0,35.3,50.0,44.5,55.3,R32,7,False,False,False,False,False,False,False,False,True,Standard Tournament Team,Wisconsin profiles as a Standard Tournament Team with a contender score of 44.5/100. Watch out for: poor clutch metrics. Model projects R32 exit.
2026,Florida,Other,Coach_Florida,10,24,4,0,16,8,0.667,7,4,3,0,32,1.1,3,6,106.8,105.1,1.7,69.5,9.7,17.4,28.8,68.4,32.5,79.4,40.1,34.1,29.3,71.6,70.8,0.704,0.596,-0.0,21.1,49.7,8.3,13.8,25.1,23.9,33.5,2,58.6,86.1,92.5,40.7,27.5,23.3,0,0,1,2,0,2,2,1,0,2,51.470588235294116,77.94117647058823,55.88235294117647,1.4705882352941175,54.41176470588235,92.64705882352942,5.88235294117647,23.3,1.0,0.6363636363636364,0.8181818181818181,44.9,50.8,91.0,75.8,33.4,81.6,47.6,44.7,6.1,75.2,0,32.5,50.0,58.5,37.6,Sweet 16,8,False,False,False,False,True,False,False,False,False,Dangerous Low Seed,"Florida profiles as a Dangerous Low Seed with a contender score of 58.5/100. Key strengths: strong guard play, clutch performance. Model projects Sweet 16 exit. [DANGEROUS LOW SEED]"
2026,Oklahoma,Other,Coach_Oklahoma,5,31,5,2,17,11,0.607,6,6,4,1,36,-6.6,3,2,101.7,106.5,-4.8,64.2,17.4,17.2,25.6,70.4,26.8,74.2,30.6,37.0,30.9,71.6,75.6,0.566,0.761,-6.3,20.9,51.8,6.1,24.0,22.9,22.5,43.3,3,77.2,68.6,71.0,75.3,31.2,24.1,0,0,2,2,0,0,2,0,0,0,75.0,80.88235294117648,80.88235294117648,53.67647058823529,89.70588235294117,66.17647058823529,36.76470588235294,24.1,0.8,0.5,0.65,38.3,38.5,61.4,56.6,21.8,18.4,28.2,37.2,1.3,49.6,0,26.8,50.0,41.4,54.0,R32,9,False,False,False,False,False,False,False,False,False,Standard Tournament Team,Oklahoma profiles as a Standard Tournament Team with a contender score of 41.4/100. Watch out for: defensive vulnerability. Model projects R32 exit.
2026,Texas Tech,Other,Coach_Texas_Tech,13,32,5,3,24,16,0.6,9,10,2,0,33,-3.1,7,6,104.0,103.7,0.3,65.4,20.0,13.6,28.4,69.9,33.4,75.9,37.5,29.2,34.4,68.5,73.7,0.648,0.573,0.9,20.5,25.7,36.3,10.5,14.0,31.0,42.9,1,48.6,32.6,90.6,57.3,37.4,29.6,0,0,2,1,0,0,0,0,3,2,57.35294117647059,66.17647058823529,64.70588235294117,94.85294117647058,61.029411764705884,76.47058823529412,27.941176470588236,29.6,1.0,0.47368421052631576,0.7368421052631579,25.5,45.1,50.0,49.6,34.3,50.7,37.1,44.8,0.3,34.7,0,33.4,50.0,21.2,65.5,R64,8,False,False,False,False,False,False,False,False,False,Standard Tournament Team,Texas Tech profiles as a Standard Tournament Team with a contender score of 21.2/100. Watch out for: defensive vulnerability. Model projects R64 exit.
2026,TCU,Other,Coach_TCU,17,20,7,0,17,12,0.586,5,5,1,1,41,-8.2,3,7,98.8,100.8,-2.0,63.5,18.6,19.4,29.5,67.8,31.9,68.9,42.2,37.6,35.9,67.5,69.2,0.734,0.967,-4.5,22.7,53.4,19.0,6.1,32.1,18.1,13.1,2,54.8,92.7,58.1,47.2,30.5,25.2,1,0,0,0,1,1,0,2,2,2,94.85294117647058,54.41176470588235,67.64705882352942,79.41176470588235,43.38235294117647,94.11764705882352,90.44117647058823,25.2,0.5,0.5,0.5,34.6,39.1,41.2,60.9,35.5,50.7,33.8,39.4,-0.3,36.8,0,31.9,50.0,42.1,55.9,R32,9,False,False,False,False,False,False,False,False,False,Standard Tournament Team,TCU profiles as a Standard Tournament Team with a contender score of 42.1/100. Watch out for: defensive vulnerability. Model projects R32 exit.
2026,South Carolina,Other,Coach_South_Carolina,5,36,2,3,16,11,0.593,6,6,1,0,36,5.2,2,7,101.8,104.6,-2.8,66.7,13.6,16.3,34.6,70.1,35.1,78.0,30.6,33.1,36.3,70.9,65.2,0.581,0.923,-5.9,20.4,48.9,35.6,4.0,20.1,35.5,36.5,3,38.6,40.0,46.3,30.0,34.5,36.0,0,1,0,2,1,0,0,0,0,2,72.05882352941177,75.0,71.32352941176471,5.88235294117647,4.411764705882353,70.58823529411765,11.029411764705882,36.0,1.0,0.5,0.75,33.2,47.9,54.8,78.7,60.5,7.4,32.2,52.1,-4.2,65.4,0,35.1,50.0,50.2,46.8,Sweet 16,7,False,False,False,False,False,False,False,False,True,Standard Tournament Team,South Carolina profiles as a Standard Tournament Team with a contender score of 50.2/100. Key strengths: clutch performance. Watch out for: defensive vulnerability. Model projects Sweet 16 exit.
2026,Mississippi State,Other,Coach_Mississippi_State,6,42,2,0,14,13,0.519,4,8,5,1,40,2.2,7,7,98.5,102.2,-3.7,72.6,14.9,19.1,26.3,69.0,30.1,66.9,29.4,31.1,32.2,66.3,70.1,0.753,0.654,1.8,19.8,58.2,14.1,13.3,19.0,21.4,31.4,3,70.6,81.9,72.4,58.2,39.2,26.7,0,0,2,2,0,1,2,0,1,2,97.05882352941177,57.35294117647059,76.47058823529412,18.38235294117647,85.29411764705883,85.29411764705883,98.52941176470588,26.7,0.8333333333333334,0.3333333333333333,0.5833333333333334,45.4,43.1,55.0,54.2,17.9,81.6,25.9,36.8,6.3,47.5,0,30.1,50.0,44.8,53.1,R32,9,False,True,False,False,False,False,False,False,False,Standard Tournament Team,Mississippi State profiles as a Standard Tournament Team with a contender score of 44.8/100. Model projects R32 exit.
2026,BYU,Other,Coach_BYU,16,39,1,1,18,18,0.5,6,11,1,1,42,6.0,6,7,111.3,100.1,11.3,77.9,19.1,14.9,34.3,72.3,31.7,74.7,37.7,36.2,30.6,74.4,69.7,0.395,0.572,9.1,20.2,26.8,31.3,15.5,32.7,27.7,22.4,3,83.8,92.0,77.1,53.8,33.0,32.2,0,0,0,2,1,0,1,2,0,2,31.61764705882353,48.529411764705884,36.76470588235294,85.29411764705883,6.61764705882353,37.5,33.82352941176471,32.2,0.5,0.35294117647058826,0.42647058823529416,47.5,53.9,61.1,32.5,78.0,50.7,47.9,45.5,8.4,39.3,0,31.7,50.0,51.9,52.8,Sweet 16,8,False,True,False,False,False,False,False,False,False,Standard Tournament Team,BYU profiles as a Standard Tournament Team with a contender score of 51.9/100. Key strengths: dominant rebounding. Watch out for: poor clutch metrics. Model projects Sweet 16 exit.
2026,Pittsburgh,Other,Coach_Pittsburgh,17,43,6,3,14,13,0.519,4,6,2,0,44,1.0,2,7,105.2,98.8,6.4,74.2,17.6,17.5,33.2,79.7,25.6,77.1,34.2,28.4,28.6,72.4,64.5,0.34,0.718,7.5,19.3,23.0,13.4,6.3,23.3,35.5,13.3,4,68.6,51.3,83.9,94.4,26.7,34.0,1,1,2,1,1,2,1,0,2,0,54.41176470588235,33.82352941176471,45.588235294117645,61.76470588235294,14.705882352941178,2.941176470588235,19.11764705882353,34.0,1.0,0.4,0.7,69.5,47.7,59.6,37.9,84.7,69.1,44.4,36.4,11.3,63.4,0,25.6,50.0,56.6,49.2,Sweet 16,9,False,True,False,False,True,False,False,False,False,Dangerous Low Seed,"Pittsburgh profiles as a Dangerous Low Seed with a contender score of 56.6/100. Key strengths: elite defense, dominant rebounding. Watch out for: poor clutch metrics. Model projects Sweet 16 exit. [DANGEROUS LOW SEED]"
2026,Virginia,Other,Coach_Virginia,18,12,2,1,22,11,0.667,7,5,3,1,48,7.2,4,5,100.1,104.1,-4.0,71.4,16.9,13.5,27.5,73.0,31.5,71.0,40.6,39.0,31.6,71.3,73.2,0.36,0.95,-1.3,20.7,35.3,12.2,14.8,24.7,20.2,40.4,2,81.4,63.9,62.7,56.1,25.4,15.4,0,1,1,0,0,1,1,1,1,1,90.44117647058823,69.85294117647058,79.41176470588235,38.23529411764706,75.0,30.14705882352941,67.64705882352942,15.4,0.75,0.5833333333333334,0.6666666666666667,46.1,41.7,53.8,41.0,41.3,18.4,33.5,50.6,-8.9,37.2,0,31.5,50.0,42.6,56.5,R32,7,False,False,False,False,False,False,False,False,False,Standard Tournament Team,Virginia profiles as a Standard Tournament Team with a contender score of 42.6/100. Model projects R32 exit.
2026,Northwestern,Other,Coach_Northwestern,17,4,2,3,19,9,0.679,7,4,4,0,40,7.6,6,6,101.7,103.9,-2.2,67.4,20.0,16.3,34.2,71.8,27.8,75.8,37.8,30.0,29.8,66.6,71.5,0.369,0.939,-1.8,20.4,26.3,27.2,3.7,13.3,18.1,32.2,2,70.1,85.5,74.3,55.5,21.5,37.6,1,0,0,2,1,1,1,0,3,0,75.0,67.64705882352942,69.11764705882352,94.85294117647058,8.823529411764707,44.85294117647059,29.411764705882355,37.6,1.0,0.6363636363636364,0.8181818181818181,46.0,47.7,50.6,44.2,68.0,50.7,40.6,55.1,-7.4,39.5,0,27.8,50.0,49.0,53.8,R32,6,False,False,False,False,False,False,False,False,False,Standard Tournament Team,Northwestern profiles as a Standard Tournament Team with a contender score of 49.0/100. Key strengths: dominant rebounding. Model projects R32 exit.
2026,Indiana,Other,Coach_Indiana,4,24,2,0,18,12,0.6,6,8,1,0,40,-0.3,6,2,100.1,103.5,-3.4,66.5,17.8,15.4,29.3,72.6,30.8,70.1,37.1,39.6,29.3,66.4,69.2,0.589,0.722,-0.7,21.3,26.3,19.9,26.9,32.0,15.0,31.8,2,78.8,31.2,54.4,67.2,24.1,26.1,0,0,2,2,1,0,1,2,1,2,90.44117647058823,64.70588235294117,75.0,66.91176470588235,47.05882352941176,33.82352941176471,77.94117647058823,26.1,1.0,0.42857142857142855,0.7142857142857143,48.2,41.1,36.2,44.7,53.5,91.2,30.9,40.0,1.1,41.4,0,30.8,50.0,45.3,58.1,R32,8,False,False,False,False,False,False,False,False,False,Standard Tournament Team,Indiana profiles as a Standard Tournament Team with a contender score of 45.3/100. Model projects R32 exit.
2026,Miami FL,Other,Coach_Miami_FL,13,42,5,2,20,12,0.625,9,7,1,2,41,0.5,6,5,102.4,114.0,-11.6,67.8,16.1,20.6,24.6,69.8,35.6,72.5,36.1,28.6,32.7,72.7,76.8,0.339,0.767,-10.7,23.3,41.0,32.3,2.2,19.6,22.4,38.5,2,84.7,63.1,78.3,76.0,26.2,32.0,1,0,1,1,1,1,2,0,0,0,66.17647058823529,100.0,100.0,32.35294117647059,92.64705882352942,78.67647058823529,54.41176470588235,32.0,0.3333333333333333,0.5625,0.44791666666666663,32.3,34.4,59.3,35.0,12.2,18.4,19.1,39.1,-4.7,27.8,0,35.6,50.0,33.3,63.5,R64,9,False,False,False,False,False,False,False,False,True,Standard Tournament Team,"Miami FL profiles as a Standard Tournament Team with a contender score of 33.3/100. Watch out for: poor clutch metrics, defensive vulnerability. Model projects R64 exit."
2026,Xavier,Other,Coach_Xavier,16,24,4,3,18,11,0.621,6,4,2,1,44,12.8,6,5,100.2,99.2,1.1,69.2,18.6,17.7,29.0,73.2,30.5,73.1,34.0,33.0,31.4,66.1,65.2,0.523,0.68,1.0,20.7,29.2,17.6,26.1,25.5,34.2,14.3,1,40.5,89.6,74.9,54.7,34.1,23.3,1,0,2,0,1,0,2,2,2,2,87.5,36.76470588235294,58.08823529411765,79.41176470588235,52.94117647058824,27.941176470588236,50.0,23.3,0.6666666666666666,0.6,0.6333333333333333,60.6,49.3,54.8,42.1,56.3,91.2,43.7,46.9,2.4,50.7,0,30.5,50.0,53.1,50.1,Sweet 16,8,False,False,False,False,False,False,False,False,False,Standard Tournament Team,Xavier profiles as a Standard Tournament Team with a contender score of 53.1/100. Model projects Sweet 16 exit.
2026,Providence,Other,Coach_Providence,7,7,2,3,14,9,0.609,6,4,2,1,50,-1.6,7,7,107.1,102.3,4.7,71.3,18.6,20.1,27.0,68.7,39.8,70.1,33.8,32.5,30.4,72.5,74.3,0.77,0.854,4.8,20.5,42.7,26.8,26.9,21.5,29.3,48.8,3,64.7,63.9,72.5,52.4,39.0,26.5,0,1,1,1,0,1,2,1,3,1,50.0,58.82352941176471,50.0,79.41176470588235,83.08823529411765,90.44117647058823,77.94117647058823,26.5,0.6666666666666666,0.6,0.6333333333333333,45.5,43.2,42.1,60.5,22.4,81.6,47.4,33.8,9.4,47.7,0,39.8,50.0,46.1,51.3,R32,9,False,False,False,False,False,False,False,False,True,Standard Tournament Team,Providence profiles as a Standard Tournament Team with a contender score of 46.1/100. Model projects R32 exit.
2026,Villanova,Other,Coach_Villanova,12,7,2,3,18,13,0.581,8,5,2,1,44,2.8,5,3,100.8,100.1,0.7,64.9,15.1,17.9,33.6,70.0,35.7,71.0,35.4,35.0,35.8,68.4,67.6,0.54,0.576,3.3,20.3,30.2,28.9,23.7,18.2,27.0,23.4,4,70.6,42.0,45.6,77.1,27.7,31.4,1,1,0,2,0,2,2,1,3,0,82.35294117647058,48.529411764705884,61.76470588235294,22.058823529411764,12.5,74.26470588235294,67.64705882352942,31.4,0.6666666666666666,0.6153846153846154,0.641025641025641,46.1,44.9,40.4,43.5,57.5,81.6,36.2,38.6,6.3,47.9,0,35.7,50.0,38.6,56.7,R64,9,False,False,False,False,False,False,False,False,True,Standard Tournament Team,Villanova profiles as a Standard Tournament Team with a contender score of 38.6/100. Model projects R64 exit.
2026,Seton Hall,Other,Coach_Seton_Hall,7,14,5,2,16,10,0.615,6,5,5,1,55,4.9,2,2,100.6,99.7,0.9,64.9,18.0,14.1,34.3,74.0,34.1,76.3,31.5,29.7,30.8,71.9,68.4,0.692,0.651,-0.2,20.1,57.9,30.8,3.0,34.8,33.8,37.2,2,43.7,86.5,30.3,44.1,25.7,34.5,1,1,1,0,1,1,0,1,2,0,83.82352941176471,41.911764705882355,60.29411764705882,69.85294117647058,6.61764705882353,23.52941176470588,25.0,34.5,0.8333333333333334,0.5454545454545454,0.6893939393939394,55.6,43.3,33.0,60.6,78.2,18.4,41.8,34.1,9.2,65.0,0,34.1,50.0,50.3,51.1,Sweet 16,9,False,False,False,False,False,False,False,False,False,Standard Tournament Team,Seton Hall profiles as a Standard Tournament Team with a contender score of 50.3/100. Key strengths: dominant rebounding. Model projects Sweet 16 exit.
2026,Michigan,Other,Coach_Michigan,12,19,0,0,21,15,0.583,10,9,4,2,46,6.2,5,5,102.9,99.3,3.7,57.7,17.4,21.0,22.7,77.0,35.0,77.0,36.9,32.3,32.1,67.7,65.7,0.362,0.672,2.2,21.3,54.7,29.3,17.4,26.7,19.1,42.5,1,71.5,44.8,88.9,33.9,21.6,20.1,0,0,0,1,1,0,0,1,0,2,60.29411764705882,38.23529411764706,51.470588235294116,53.67647058823529,97.05882352941177,8.823529411764707,20.588235294117645,20.1,0.6666666666666666,0.5263157894736842,0.5964912280701754,68.4,48.9,64.1,38.4,44.4,7.4,42.9,46.0,2.9,61.0,0,35.0,50.0,47.4,48.4,R32,8,True,False,False,False,False,False,False,False,True,Standard Tournament Team,Michigan profiles as a Standard Tournament Team with a contender score of 47.4/100. Key strengths: elite defense. Watch out for: poor clutch metrics. Model projects R32 exit.
2026,Ohio State,Other,Coach_Ohio_State,16,41,7,3,10,19,0.345,4,9,4,2,51,-2.2,2,4,100.5,107.0,-6.5,66.8,16.2,15.7,28.3,65.8,30.5,73.4,37.2,31.2,36.0,70.1,73.9,0.649,0.945,-0.5,20.4,37.3,14.7,27.8,20.6,36.9,28.7,3,62.1,68.0,77.9,63.5,23.6,32.9,0,0,1,0,1,0,2,1,3,1,85.29411764705883,86.76470588235294,85.29411764705883,34.55882352941176,63.970588235294116,100.0,46.32352941176471,32.9,0.6666666666666666,0.3076923076923077,0.48717948717948717,17.2,33.9,62.8,71.5,20.6,69.1,10.6,28.4,5.5,49.8,0,30.5,50.0,39.6,56.7,R64,10,False,False,False,False,False,False,False,False,False,Standard Tournament Team,Ohio State profiles as a Standard Tournament Team with a contender score of 39.6/100. Key strengths: clutch performance. Watch out for: defensive vulnerability. Model projects R64 exit.
2026,UCLA,Other,Coach_UCLA,2,38,0,0,13,19,0.406,5,11,5,2,55,-12.4,1,3,101.9,104.9,-3.0,75.1,17.8,18.1,27.6,71.5,34.7,69.7,40.6,36.4,34.5,67.0,73.1,0.729,0.638,-3.3,19.9,30.3,27.5,8.1,19.4,28.6,25.2,3,84.8,39.5,52.8,62.7,35.0,31.5,0,0,1,0,1,0,0,0,1,1,69.85294117647058,76.47058823529412,73.52941176470588,66.91176470588235,73.52941176470588,49.26470588235294,84.55882352941177,31.5,0.7142857142857143,0.3125,0.5133928571428572,34.0,32.9,32.3,47.6,36.4,2.9,21.5,17.4,15.5,37.0,0,34.7,50.0,34.2,63.9,R64,12,False,True,False,False,False,True,False,False,False,Standard Tournament Team,UCLA profiles as a Standard Tournament Team with a contender score of 34.2/100. Watch out for: defensive vulnerability. Model projects R64 exit.
2026,Colorado,Other,Coach_Colorado,16,2,0,0,14,17,0.452,5,7,1,1,58,-4.6,5,6,98.1,107.2,-9.1,63.6,17.1,16.7,29.2,71.4,33.4,73.4,32.9,32.9,30.4,67.1,69.4,0.538,0.619,-2.8,20.6,42.4,38.7,12.2,18.6,15.5,15.7,4,52.0,46.7,59.5,77.7,31.6,23.8,0,1,2,1,0,0,2,0,2,0,98.52941176470588,89.70588235294117,94.11764705882352,41.911764705882355,49.26470588235294,51.470588235294116,46.32352941176471,23.8,0.5,0.4166666666666667,0.45833333333333337,38.5,28.0,47.3,46.7,42.5,33.1,10.9,16.0,12.0,48.0,0,33.4,50.0,36.7,63.3,R64,12,False,False,False,False,False,False,False,False,False,Standard Tournament Team,Colorado profiles as a Standard Tournament Team with a contender score of 36.7/100. Watch out for: defensive vulnerability. Model projects R64 exit.
2026,Washington State,Other,Coach_Washington_State,18,9,2,0,10,15,0.4,4,7,1,0,56,-13.2,1,3,101.4,104.2,-2.8,63.4,15.9,16.4,28.3,79.0,34.6,65.6,34.3,37.1,34.1,70.6,69.0,0.31,0.845,-3.9,20.8,29.8,25.3,20.3,11.4,37.5,10.8,1,69.2,56.0,56.8,81.2,41.9,20.1,0,1,1,0,1,1,0,0,2,2,79.41176470588235,72.05882352941177,71.32352941176471,29.411764705882355,63.970588235294116,5.88235294117647,100.0,20.1,1.0,0.36363636363636365,0.6818181818181819,46.4,32.8,45.0,26.3,56.4,33.1,22.2,20.0,12.8,35.2,0,34.6,50.0,37.9,65.4,R64,11,True,False,False,False,False,False,False,False,False,Standard Tournament Team,Washington State profiles as a Standard Tournament Team with a contender score of 37.9/100. Watch out for: poor clutch metrics. Model projects R64 exit.
2026,Boise State,Other,Coach_Boise_State,16,20,0,1,14,17,0.452,5,10,3,1,54,0.8,5,4,96.6,104.1,-7.5,69.7,18.0,16.2,22.6,71.6,30.6,78.8,47.5,33.5,34.1,64.6,69.8,0.686,0.725,-7.2,20.9,34.8,27.2,24.2,25.2,17.7,23.5,4,65.5,49.0,51.6,63.1,37.7,27.8,0,1,1,1,1,1,1,2,3,1,100.0,69.85294117647058,90.44117647058823,69.85294117647058,98.52941176470588,47.05882352941176,7.352941176470589,27.8,0.75,0.3333333333333333,0.5416666666666666,33.4,33.3,44.2,68.9,22.6,91.2,13.1,26.4,6.9,57.7,0,30.6,50.0,41.1,56.9,R32,10,False,False,False,False,False,False,False,False,False,Standard Tournament Team,Boise State profiles as a Standard Tournament Team with a contender score of 41.1/100. Key strengths: clutch performance. Watch out for: defensive vulnerability. Model projects R32 exit.
2026,Grand Canyon,Other,Coach_Grand_Canyon,12,5,0,1,16,16,0.5,6,7,1,0,53,13.4,5,7,107.6,108.6,-1.0,67.4,15.6,19.7,30.2,69.3,32.6,71.0,42.6,30.4,34.6,75.2,71.4,0.512,0.596,-2.1,20.7,31.9,17.5,10.8,19.3,25.0,27.7,1,64.3,78.4,62.9,80.3,36.3,23.5,0,0,1,0,0,1,2,0,1,0,47.794117647058826,92.64705882352942,66.17647058823529,26.47058823529412,36.029411764705884,81.61764705882352,67.64705882352942,23.5,1.0,0.46153846153846156,0.7307692307692308,29.9,45.4,51.8,41.1,43.5,7.4,30.3,38.1,7.3,33.9,0,32.6,50.0,39.7,59.3,R64,9,False,False,False,False,False,False,False,False,False,Standard Tournament Team,Grand Canyon profiles as a Standard Tournament Team with a contender score of 39.7/100. Watch out for: defensive vulnerability. Model projects R64 exit.
2026,James Madison,Other,Coach_James_Madison,14,34,0,1,15,18,0.455,6,8,5,1,59,1.5,4,5,100.2,106.8,-6.6,63.3,12.4,14.9,32.1,71.1,30.9,69.8,37.0,34.0,34.1,68.8,74.7,0.557,0.727,-7.8,21.0,49.4,22.6,1.0,13.7,28.0,29.5,3,49.6,68.1,71.3,77.9,34.6,27.8,1,0,1,2,0,0,0,2,1,2,87.5,84.55882352941177,86.76470588235294,2.941176470588235,20.588235294117645,58.82352941176471,81.61764705882352,27.8,0.8333333333333334,0.42857142857142855,0.6309523809523809,32.4,32.9,62.3,51.6,54.3,50.7,16.5,26.1,6.8,43.0,0,30.9,50.0,42.1,59.0,R32,10,True,False,False,False,False,False,False,False,False,Standard Tournament Team,James Madison profiles as a Standard Tournament Team with a contender score of 42.1/100. Watch out for: defensive vulnerability. Model projects R32 exit.
2026,McNeese State,Other,Coach_McNeese_State,14,33,5,1,15,17,0.469,5,10,4,2,62,1.3,0,6,99.9,106.7,-6.8,65.7,21.1,18.8,29.6,73.3,30.9,78.0,44.1,36.4,32.2,68.1,70.0,0.484,0.636,-3.9,21.5,28.5,38.7,17.8,30.7,21.2,31.7,3,61.7,36.4,73.8,85.6,25.7,34.1,0,0,2,1,1,1,1,1,2,0,92.64705882352942,82.35294117647058,88.23529411764706,98.52941176470588,41.17647058823529,26.47058823529412,11.029411764705882,34.1,0.6666666666666666,0.3333333333333333,0.5,40.2,31.8,52.4,43.2,56.0,69.1,16.2,21.9,9.9,43.9,0,30.9,50.0,41.4,61.6,R32,11,False,False,False,False,False,False,False,False,False,Standard Tournament Team,McNeese State profiles as a Standard Tournament Team with a contender score of 41.4/100. Model projects R32 exit.
2026,Oakland,Other,Coach_Oakland,11,42,4,0,10,19,0.345,3,11,2,2,63,8.1,5,7,102.5,106.3,-3.8,64.7,18.6,19.9,30.0,73.6,35.8,72.9,35.5,35.3,32.5,73.0,69.7,0.508,0.822,0.6,21.4,27.5,29.3,10.8,14.2,28.3,41.8,2,81.3,69.2,72.0,33.3,33.6,27.2,1,1,0,2,0,0,2,2,2,0,63.970588235294116,79.41176470588235,77.94117647058823,79.41176470588235,38.970588235294116,25.0,52.94117647058824,27.2,0.5,0.21428571428571427,0.35714285714285715,41.7,37.6,51.0,46.2,59.6,50.7,15.0,29.3,8.3,42.4,0,35.8,50.0,43.3,59.2,R32,10,False,False,False,False,False,False,False,False,True,Standard Tournament Team,Oakland profiles as a Standard Tournament Team with a contender score of 43.3/100. Model projects R32 exit.
2026,Wagner,Other,Coach_Wagner,14,30,7,1,10,18,0.357,4,8,1,0,64,8.1,0,2,101.9,109.9,-8.0,66.7,16.6,18.2,25.3,68.9,29.9,77.5,43.0,32.6,32.5,69.2,74.5,0.774,0.652,-3.0,20.8,49.8,26.3,3.9,13.9,22.2,40.9,4,75.1,44.2,66.0,56.4,29.2,21.5,0,1,2,0,1,0,0,2,3,0,69.85294117647058,94.11764705882352,92.64705882352942,36.76470588235294,91.17647058823529,86.76470588235294,16.176470588235293,21.5,1.0,0.3333333333333333,0.6666666666666666,27.9,33.4,57.4,74.6,11.5,50.7,7.9,22.2,11.2,60.2,0,29.9,50.0,39.6,54.9,R64,11,False,False,False,False,False,False,False,False,False,Standard Tournament Team,Wagner profiles as a Standard Tournament Team with a contender score of 39.6/100. Key strengths: clutch performance. Watch out for: defensive vulnerability. Model projects R64 exit.
2026,Colgate,Other,Coach_Colgate,15,15,2,1,18,15,0.545,7,6,5,0,58,-8.4,1,4,98.8,108.2,-9.4,65.9,19.9,20.6,28.4,71.2,30.5,81.1,39.6,32.9,32.9,61.8,74.0,0.494,0.711,-8.4,22.4,59.0,14.7,18.6,11.1,18.5,23.9,2,48.7,77.3,35.9,64.9,37.4,20.9,0,0,1,2,1,0,0,1,1,0,94.85294117647058,91.17647058823529,95.58823529411765,92.64705882352942,61.029411764705884,55.88235294117647,1.4705882352941175,20.9,1.0,0.5384615384615384,0.7692307692307692,33.2,26.4,34.4,51.6,35.3,18.4,15.3,21.4,5.0,45.8,0,30.5,50.0,33.3,65.0,R64,11,False,False,False,False,False,False,False,False,False,Standard Tournament Team,Colgate profiles as a Standard Tournament Team with a contender score of 33.3/100. Watch out for: defensive vulnerability. Model projects R64 exit.
2026,Montana State,Other,Coach_Montana_State,15,30,6,1,11,18,0.379,3,9,2,0,59,9.9,1,2,101.5,112.0,-10.5,71.2,14.1,18.6,27.3,71.5,29.2,76.6,33.2,32.7,32.3,69.9,75.6,0.453,0.945,-7.9,21.3,50.9,22.5,10.4,25.4,36.4,46.8,2,31.9,39.0,51.8,83.6,39.7,38.1,1,1,0,1,0,0,0,2,3,2,77.94117647058823,97.05882352941177,97.05882352941177,10.294117647058822,78.67647058823529,49.26470588235294,23.52941176470588,38.1,1.0,0.25,0.625,37.5,34.2,52.5,66.1,29.4,50.7,6.2,33.0,1.2,61.1,0,29.2,50.0,41.4,56.0,R32,9,False,False,False,False,False,False,False,False,False,Standard Tournament Team,Montana State profiles as a Standard Tournament Team with a contender score of 41.4/100. Key strengths: clutch performance. Watch out for: defensive vulnerability. Model projects R32 exit.
2026,Samford,Other,Coach_Samford,15,36,0,1,16,15,0.516,5,6,5,0,66,-3.7,2,6,102.5,101.9,0.6,71.8,14.9,17.3,25.7,70.9,27.2,68.1,26.9,36.4,37.4,70.2,69.2,0.365,0.823,7.0,21.5,58.2,39.7,17.9,13.9,34.3,45.8,3,72.8,58.5,41.5,55.6,25.0,27.5,0,1,1,1,0,2,1,0,1,2,63.970588235294116,55.88235294117647,63.23529411764706,18.38235294117647,88.23529411764706,60.29411764705882,94.11764705882352,27.5,1.0,0.45454545454545453,0.7272727272727273,41.1,33.4,37.1,34.3,28.0,50.7,32.9,23.4,10.0,33.5,0,27.2,50.0,35.7,64.3,R64,11,False,True,False,False,False,False,False,False,False,Standard Tournament Team,Samford profiles as a Standard Tournament Team with a contender score of 35.7/100. Watch out for: poor clutch metrics. Model projects R64 exit.
2026,Morehead State,Other,Coach_Morehead_State,10,3,0,0,11,20,0.355,4,12,4,1,69,5.1,0,5,102.1,113.4,-11.4,67.0,17.1,14.6,33.9,80.1,40.8,73.2,31.6,28.8,31.0,69.0,75.6,0.587,0.962,-17.8,19.9,20.4,25.6,25.7,33.0,32.5,17.6,2,59.1,73.1,47.8,81.4,27.8,16.7,0,0,0,0,1,2,1,0,3,1,67.64705882352942,98.52941176470588,98.52941176470588,41.911764705882355,10.294117647058822,1.4705882352941175,48.529411764705884,16.7,0.8,0.25,0.525,39.0,29.2,40.1,66.9,76.6,50.7,3.5,25.9,3.3,55.8,0,40.8,50.0,43.9,59.0,R32,11,False,False,False,False,False,False,False,False,True,Standard Tournament Team,"Morehead State profiles as a Standard Tournament Team with a contender score of 43.9/100. Key strengths: clutch performance, dominant rebounding. Watch out for: defensive vulnerability. Model projects R32 exit."
2026,Longwood,Other,Coach_Longwood,9,45,4,0,14,17,0.452,6,9,5,1,64,3.1,2,5,101.1,107.1,-6.0,67.1,17.3,17.6,31.3,72.3,30.9,73.8,33.6,39.3,32.4,69.5,74.7,0.731,0.71,0.4,20.5,49.5,39.5,17.1,10.0,29.8,16.3,2,61.3,79.8,81.7,33.9,31.1,28.3,0,0,0,2,1,2,0,2,3,2,80.88235294117648,88.23529411764706,83.82352941176471,48.529411764705884,27.941176470588236,37.5,41.17647058823529,28.3,0.8333333333333334,0.4,0.6166666666666667,38.7,33.3,71.2,65.9,59.0,96.3,17.1,23.6,9.7,56.1,0,30.9,50.0,49.6,52.3,R32,11,False,False,False,False,False,False,False,False,False,Standard Tournament Team,"Longwood profiles as a Standard Tournament Team with a contender score of 49.6/100. Key strengths: strong guard play, clutch performance. Watch out for: defensive vulnerability. Model projects R32 exit."
2026,Stetson,Other,Coach_Stetson,2,40,7,2,12,17,0.414,5,10,4,2,67,5.3,5,2,102.8,110.3,-7.5,68.2,17.2,16.3,28.2,70.1,40.5,73.9,34.7,35.7,35.4,68.3,71.8,0.444,0.763,-4.1,21.0,23.3,14.5,17.7,25.1,29.6,18.7,2,72.3,44.1,44.5,82.0,28.0,20.1,0,1,2,1,0,2,0,2,3,2,61.76470588235294,95.58823529411765,90.44117647058823,45.588235294117645,66.17647058823529,70.58823529411765,39.705882352941174,20.1,0.6666666666666666,0.3333333333333333,0.5,21.4,32.1,39.9,47.5,28.9,96.3,11.9,23.5,8.6,40.9,0,40.5,50.0,34.7,66.4,R64,11,False,False,False,False,False,False,False,False,True,Standard Tournament Team,Stetson profiles as a Standard Tournament Team with a contender score of 34.7/100. Watch out for: defensive vulnerability. Model projects R64 exit.
2026,Howard,Other,Coach_Howard,9,47,7,1,10,18,0.357,4,9,5,1,69,0.9,5,3,101.7,106.8,-5.1,67.8,17.5,18.2,29.2,71.3,31.4,69.1,34.1,30.2,34.0,70.8,73.3,0.509,0.846,-2.5,21.4,22.9,21.2,18.2,10.4,37.9,46.9,4,41.8,47.2,89.9,83.6,37.9,26.7,1,0,2,2,1,0,2,2,3,1,75.0,84.55882352941177,82.35294117647058,58.08823529411765,49.26470588235294,52.94117647058824,88.23529411764706,26.7,0.8333333333333334,0.3076923076923077,0.5705128205128205,32.8,30.3,49.2,41.6,44.3,99.3,14.1,19.0,11.3,29.4,0,31.4,50.0,38.6,64.7,R64,11,False,False,False,False,False,False,False,False,False,Standard Tournament Team,Howard profiles as a Standard Tournament Team with a contender score of 38.6/100. Watch out for: defensive vulnerability. Model projects R64 exit.
